titulo,descripcion,categoria,latitud,longitud,fecha
"Ráfagas fuertes en Trelew, Chubut: caída de ramas y carteles",Se reportan (en las últimas horas) ráfagas intensas en la salida hacia la ruta. Hay ramas caídas y reducción de visibilidad en algunos tramos. Evitar circular bajo árboles y estructuras inestables.,Vientos fuertes,-43.273252,-65.300133,6/3/2025
"Corte parcial por protesta en Santa Fe, Santa Fe","Vecinos informan (esta noche) una manifestación en la salida hacia la ruta. Hay cortes parciales/total de calzada y demoras. Se recomienda usar vías alternativas. Si tenés info actualizada, comentá para ayudar a otros.",Protesta,-31.659753,-60.696073,8/16/2024
"Atención: aumento de consultas respiratorias en Córdoba, Córdoba","Vecinos informan alta demanda en guardias en un área industrial. Se recomienda uso de barbijo en centros de salud si hay síntomas y ventilar ambientes. Si tenés info actualizada, comentá para ayudar a otros.",Salud,-31.447305,-64.167292,10/23/2024
"Corte de luz en Chilecito, La Rioja: cuadrillas revisan la red","Se registran interrupciones del servicio eléctrico en un área industrial. La empresa distribuidora indicó tareas de reparación. Se sugiere desconectar artefactos sensibles. Si tenés info actualizada, comentá para ayudar a otros.",Corte de energía,-29.186656,-67.495104,10/16/2025
"Demoras en transporte en Paraná, Entre Ríos",Usuarios informan demoras y cancelaciones en un barrio residencial. Se recomienda consultar estados oficiales y prever tiempos extra.,Transporte,-31.744415,-60.515597,11/17/2024
"Derrame de combustible en Goya, Corrientes: calzada resbaladiza","Se reporta (al mediodía) un derrame de combustible en inmediaciones de una escuela. Personal trabaja en la limpieza. Circular con extrema precaución y mantener distancia. Si tenés info actualizada, comentá para ayudar a otros.",Derrame,-29.164089,-59.274485,5/21/2025
"Altas temperaturas en Presidencia Roque Sáenz Peña, Chaco: alertan por golpe de calor","Se reportan (esta noche) temperaturas elevadas en un área industrial. Recomiendan hidratarse, evitar exposición al sol en horas pico y prestar atención a niños y adultos mayores. Protección Civil recomienda evitar actividad física al aire libre por la tarde.",Ola de calor,-26.805302,-60.448277,5/15/2025
"Demoras en transporte en Río Cuarto, Córdoba",Usuarios informan demoras y cancelaciones en un área industrial. Se recomienda consultar estados oficiales y prever tiempos extra.,Transporte,-33.132793,-64.358889,5/23/2025
"Corte de luz en Villa Carlos Paz, Córdoba: cuadrillas revisan la red","Se registran interrupciones del servicio eléctrico en inmediaciones de una escuela. La empresa distribuidora indicó tareas de reparación. Se sugiere desconectar artefactos sensibles. Si tenés info actualizada, comentá para ayudar a otros.",Corte de energía,-31.44936,-64.48571,10/24/2025
"Derrame de combustible en Quilmes, Buenos Aires: calzada resbaladiza","Se reporta un derrame de combustible en un puente/viaducto. Personal trabaja en la limpieza. Circular con extrema precaución y mantener distancia. Si tenés info actualizada, comentá para ayudar a otros.",Derrame,-34.744117,-58.275674,3/1/2024
"Choque en Resistencia, Chaco: tránsito reducido","Testigos informan un accidente de tránsito en la salida hacia la ruta. Se recomienda tomar desvíos y respetar indicaciones del personal en el lugar. Si tenés info actualizada, comentá para ayudar a otros.",Accidente vial,-27.476565,-58.989749,7/16/2025
"Corte parcial por protesta en Villa Mercedes, San Luis",Vecinos informan una manifestación en inmediaciones de una escuela. Hay cortes parciales/total de calzada y demoras. Se recomienda usar vías alternativas.,Protesta,-33.664737,-65.464974,8/24/2024
"Choque en San Fernando del Valle de Catamarca, Catamarca: tránsito reducido",Testigos informan (en las últimas horas) un accidente de tránsito sobre un acceso principal. Se recomienda tomar desvíos y respetar indicaciones del personal en el lugar.,Accidente vial,-28.488659,-65.798284,5/29/2024
"Atención: aumento de consultas respiratorias en Puerto Iguazú, Misiones","Vecinos informan (en las últimas horas) alta demanda en guardias en un área industrial. Se recomienda uso de barbijo en centros de salud si hay síntomas y ventilar ambientes. Si tenés info actualizada, comentá para ayudar a otros.",Salud,-25.572087,-54.564302,2/25/2024
"Derrame de combustible en Campana, Buenos Aires: calzada resbaladiza","Se reporta un derrame de combustible en la salida hacia la ruta. Personal trabaja en la limpieza. Circular con extrema precaución y mantener distancia. Si tenés info actualizada, comentá para ayudar a otros.",Derrame,-34.166573,-58.977763,8/1/2024
"Derrame de combustible en Corrientes, Corrientes: calzada resbaladiza","Se reporta (al mediodía) un derrame de combustible en un área industrial. Personal trabaja en la limpieza. Circular con extrema precaución y mantener distancia. Si tenés info actualizada, comentá para ayudar a otros.",Derrame,-27.467003,-58.803663,9/20/2025
"Atención: aumento de consultas respiratorias en San Luis, San Luis","Vecinos informan (esta tarde) alta demanda en guardias en la salida hacia la ruta. Se recomienda uso de barbijo en centros de salud si hay síntomas y ventilar ambientes. Si tenés info actualizada, comentá para ayudar a otros.",Salud,-33.295563,-66.339351,4/28/2024
"Alerta por robos en Gualeguaychú, Entre Ríos: piden reforzar cuidados","Se reportan (esta tarde) hechos de inseguridad cerca de un parque/plaza. Vecinos solicitan mayor presencia policial. Evitar exhibir objetos de valor y denunciar al 911. Si tenés info actualizada, comentá para ayudar a otros.",Robo,-32.994979,-58.518483,12/9/2025
"Calles anegadas en Mar del Plata, Buenos Aires tras lluvias intensas","Vecinos informan anegamientos y acumulación de agua en un corredor comercial. Hay demoras en el tránsito y se solicita circular con precaución. Si tenés info actualizada, comentá para ayudar a otros.",Inundación,-37.980651,-57.527111,11/1/2024
"Deslizamiento de ladera en Ushuaia, Tierra del Fuego: precaución en accesos",Se reporta un deslizamiento de tierra/rocas en un puente/viaducto. Puede haber calzada parcial o totalmente obstruida. Evitar transitar la zona hasta nuevo aviso.,Deslizamiento,-54.818532,-68.300506,5/29/2025
"Incendio forestal cerca de San Juan, San Juan: humo visible",Se reporta (en las últimas horas) un foco de incendio en vegetación en la salida hacia la ruta. Brigadistas trabajan para contenerlo. No acercarse a la zona y reportar nuevos focos.,Incendio forestal,-31.537933,-68.52254,1/29/2024
"Corte de luz en Necochea, Buenos Aires: cuadrillas revisan la red",Se registran interrupciones del servicio eléctrico sobre un acceso principal. La empresa distribuidora indicó tareas de reparación. Se sugiere desconectar artefactos sensibles.,Corte de energía,-38.548166,-58.709779,12/23/2024
"Incendio en San Carlos de Bariloche, Río Negro: bomberos trabajan en el lugar","Se reporta (esta noche) un incendio sobre un acceso principal. Bomberos y Defensa Civil acudieron al lugar. Se recomienda evitar la zona y no inhalar humo. Si tenés info actualizada, comentá para ayudar a otros.",Incendio,-41.126056,-71.286281,1/2/2024
"Calles anegadas en Rosario, Santa Fe tras lluvias intensas",Vecinos informan anegamientos y acumulación de agua en la salida hacia la ruta. Hay demoras en el tránsito y se solicita circular con precaución. Algunos desagües se vieron superados por la intensidad de la lluvia.,Inundación,-32.945518,-60.669789,10/13/2025
"Corte parcial por protesta en Campana, Buenos Aires",Vecinos informan (al mediodía) una manifestación en la salida hacia la ruta. Hay cortes parciales/total de calzada y demoras. Se recomienda usar vías alternativas.,Protesta,-34.1804,-58.981578,6/3/2024
"Deslizamiento de ladera en San Miguel de Tucumán, Tucumán: precaución en accesos",Se reporta un deslizamiento de tierra/rocas en un área industrial. Puede haber calzada parcial o totalmente obstruida. Evitar transitar la zona hasta nuevo aviso.,Deslizamiento,-26.817276,-65.21468,5/14/2024
"Demoras en transporte en Concordia, Entre Ríos","Usuarios informan demoras y cancelaciones cerca de una estación de servicio. Se recomienda consultar estados oficiales y prever tiempos extra. Si tenés info actualizada, comentá para ayudar a otros.",Transporte,-31.373231,-58.038237,9/14/2024
"Ráfagas fuertes en Caleta Olivia, Santa Cruz: caída de ramas y carteles","Se reportan ráfagas intensas en un área industrial. Hay ramas caídas y reducción de visibilidad en algunos tramos. Evitar circular bajo árboles y estructuras inestables. Si tenés info actualizada, comentá para ayudar a otros.",Vientos fuertes,-46.419948,-67.554346,12/28/2024
"Atención: aumento de consultas respiratorias en Termas de Río Hondo, Santiago del Estero","Vecinos informan alta demanda en guardias en un corredor comercial. Se recomienda uso de barbijo en centros de salud si hay síntomas y ventilar ambientes. Si tenés info actualizada, comentá para ayudar a otros.",Salud,-27.493401,-64.857091,6/20/2025
"Atención: aumento de consultas respiratorias en Orán, Salta",Vecinos informan alta demanda en guardias cerca de una estación de servicio. Se recomienda uso de barbijo en centros de salud si hay síntomas y ventilar ambientes.,Salud,-23.158512,-64.344606,9/25/2025
"Incendio en Clorinda, Formosa: bomberos trabajan en el lugar",Se reporta un incendio en un puente/viaducto. Bomberos y Defensa Civil acudieron al lugar. Se recomienda evitar la zona y no inhalar humo.,Incendio,-25.290051,-57.701411,7/27/2025
"Tormenta con granizo en San Juan, San Juan: daños en vehículos",Vecinos reportan caída de granizo en la zona céntrica. Se registran daños menores y demoras. Se recomienda resguardarse y conducir a baja velocidad.,Granizo,-31.533796,-68.5208,3/5/2024
"Deslizamiento de ladera en Caleta Olivia, Santa Cruz: precaución en accesos","Se reporta (en las últimas horas) un deslizamiento de tierra/rocas en un corredor comercial. Puede haber calzada parcial o totalmente obstruida. Evitar transitar la zona hasta nuevo aviso. Si tenés info actualizada, comentá para ayudar a otros.",Deslizamiento,-46.438003,-67.529318,9/10/2024
"Deslizamiento de ladera en Ushuaia, Tierra del Fuego: precaución en accesos",Se reporta (esta mañana) un deslizamiento de tierra/rocas sobre un acceso principal. Puede haber calzada parcial o totalmente obstruida. Evitar transitar la zona hasta nuevo aviso.,Deslizamiento,-54.808358,-68.314041,11/18/2025
"Incendio forestal cerca de Río Cuarto, Córdoba: humo visible",Se reporta un foco de incendio en vegetación en inmediaciones de una escuela. Brigadistas trabajan para contenerlo. No acercarse a la zona y reportar nuevos focos. El humo puede afectar la visibilidad y la calidad del aire.,Incendio forestal,-33.143933,-64.336933,11/7/2025
"Ráfagas fuertes en Río Gallegos, Santa Cruz: caída de ramas y carteles","Se reportan ráfagas intensas cerca de un parque/plaza. Hay ramas caídas y reducción de visibilidad en algunos tramos. Evitar circular bajo árboles y estructuras inestables. Si tenés info actualizada, comentá para ayudar a otros.",Vientos fuertes,-51.629105,-69.217564,11/14/2025
"Corte parcial por protesta en San Salvador de Jujuy, Jujuy",Vecinos informan una manifestación en la salida hacia la ruta. Hay cortes parciales/total de calzada y demoras. Se recomienda usar vías alternativas.,Protesta,-24.190523,-65.308103,4/4/2024
"Corte de luz en Mar del Plata, Buenos Aires: cuadrillas revisan la red","Se registran interrupciones del servicio eléctrico en un corredor comercial. La empresa distribuidora indicó tareas de reparación. Se sugiere desconectar artefactos sensibles. Si tenés info actualizada, comentá para ayudar a otros.",Corte de energía,-38.012439,-57.541554,10/29/2024
"Choque en Corrientes, Corrientes: tránsito reducido","Testigos informan (al mediodía) un accidente de tránsito en un barrio residencial. Se recomienda tomar desvíos y respetar indicaciones del personal en el lugar. Si tenés info actualizada, comentá para ayudar a otros.",Accidente vial,-27.482973,-58.852827,3/8/2025
"Choque en San Francisco, Córdoba: tránsito reducido",Testigos informan un accidente de tránsito en un corredor comercial. Se recomienda tomar desvíos y respetar indicaciones del personal en el lugar.,Accidente vial,-31.415875,-62.107332,2/28/2024
"Corte de luz en Jáchal, San Juan: cuadrillas revisan la red",Se registran interrupciones del servicio eléctrico en inmediaciones de una escuela. La empresa distribuidora indicó tareas de reparación. Se sugiere desconectar artefactos sensibles.,Corte de energía,-30.221602,-68.771675,8/15/2024
"Alerta por robos en Posadas, Misiones: piden reforzar cuidados","Se reportan hechos de inseguridad en la zona céntrica. Vecinos solicitan mayor presencia policial. Evitar exhibir objetos de valor y denunciar al 911. Si tenés info actualizada, comentá para ayudar a otros.",Robo,-27.3365,-55.913928,5/12/2024
"Incendio en Puerto Madryn, Chubut: bomberos trabajan en el lugar","Se reporta (esta tarde) un incendio cerca de una estación de servicio. Bomberos y Defensa Civil acudieron al lugar. Se recomienda evitar la zona y no inhalar humo. Si tenés info actualizada, comentá para ayudar a otros.",Incendio,-42.76148,-65.036635,7/29/2024
"Atención: aumento de consultas respiratorias en Caleta Olivia, Santa Cruz","Vecinos informan alta demanda en guardias cerca de una estación de servicio. Se recomienda uso de barbijo en centros de salud si hay síntomas y ventilar ambientes. Si tenés info actualizada, comentá para ayudar a otros.",Salud,-46.41033,-67.555783,1/19/2024
"Choque en Belén, Catamarca: tránsito reducido","Testigos informan un accidente de tránsito en un corredor comercial. Se recomienda tomar desvíos y respetar indicaciones del personal en el lugar. Si tenés info actualizada, comentá para ayudar a otros.",Accidente vial,-27.679623,-67.008865,3/18/2025
"Sismo percibido en Chilecito, La Rioja: sin daños reportados","Usuarios reportan un temblor en un corredor comercial. Por el momento no se informan daños. Mantener la calma y seguir recomendaciones de Defensa Civil. Se recomienda revisar instalaciones de gas y electricidad. Si tenés info actualizada, comentá para ayudar a otros. (al mediodía).",Sismo,-29.176938,-67.480063,10/13/2025
"Incendio en San Martín (Mza), Mendoza: bomberos trabajan en el lugar","Se reporta un incendio cerca de una estación de servicio. Bomberos y Defensa Civil acudieron al lugar. Se recomienda evitar la zona y no inhalar humo. Si tenés info actualizada, comentá para ayudar a otros.",Incendio,-33.058209,-68.474156,2/26/2024
"Atención: aumento de consultas respiratorias en Caleta Olivia, Santa Cruz",Vecinos informan alta demanda en guardias en inmediaciones de una escuela. Se recomienda uso de barbijo en centros de salud si hay síntomas y ventilar ambientes.,Salud,-46.467286,-67.546879,10/2/2024
"Incendio forestal cerca de Ushuaia, Tierra del Fuego: humo visible",Se reporta un foco de incendio en vegetación en un puente/viaducto. Brigadistas trabajan para contenerlo. No acercarse a la zona y reportar nuevos focos.,Incendio forestal,-54.817233,-68.27506,11/12/2024
"Incendio en La Rioja, La Rioja: bomberos trabajan en el lugar","Se reporta un incendio en un puente/viaducto. Bomberos y Defensa Civil acudieron al lugar. Se recomienda evitar la zona y no inhalar humo. Si tenés info actualizada, comentá para ayudar a otros.",Incendio,-29.412634,-66.873841,5/31/2025
"Altas temperaturas en Santa Fe, Santa Fe: alertan por golpe de calor","Se reportan temperaturas elevadas en un barrio residencial. Recomiendan hidratarse, evitar exposición al sol en horas pico y prestar atención a niños y adultos mayores. Protección Civil recomienda evitar actividad física al aire libre por la tarde. Si tenés info actualizada, comentá para ayudar a otros.",Ola de calor,-31.639661,-60.712021,10/6/2025
"Deslizamiento de ladera en Termas de Río Hondo, Santiago del Estero: precaución en accesos",Se reporta un deslizamiento de tierra/rocas cerca de una estación de servicio. Puede haber calzada parcial o totalmente obstruida. Evitar transitar la zona hasta nuevo aviso.,Deslizamiento,-27.470755,-64.865629,11/29/2024
"Altas temperaturas en Salta, Salta: alertan por golpe de calor","Se reportan (en las últimas horas) temperaturas elevadas en un área industrial. Recomiendan hidratarse, evitar exposición al sol en horas pico y prestar atención a niños y adultos mayores. Protección Civil recomienda evitar actividad física al aire libre por la tarde.",Ola de calor,-24.77446,-65.409169,6/1/2025
"Deslizamiento de ladera en Caleta Olivia, Santa Cruz: precaución en accesos",Se reporta un deslizamiento de tierra/rocas en la zona céntrica. Puede haber calzada parcial o totalmente obstruida. Evitar transitar la zona hasta nuevo aviso.,Deslizamiento,-46.41643,-67.517026,12/10/2025
"Incendio en Rosario, Santa Fe: bomberos trabajan en el lugar","Se reporta un incendio en la zona céntrica. Bomberos y Defensa Civil acudieron al lugar. Se recomienda evitar la zona y no inhalar humo. Si tenés info actualizada, comentá para ayudar a otros.",Incendio,-32.967905,-60.630351,7/25/2025
"Incendio forestal cerca de Malargüe, Mendoza: humo visible","Se reporta un foco de incendio en vegetación cerca de un parque/plaza. Brigadistas trabajan para contenerlo. No acercarse a la zona y reportar nuevos focos. El humo puede afectar la visibilidad y la calidad del aire. Si tenés info actualizada, comentá para ayudar a otros.",Incendio forestal,-35.501293,-69.55835,7/2/2025
"Alerta por robos en Villa Carlos Paz, Córdoba: piden reforzar cuidados",Se reportan hechos de inseguridad en inmediaciones de una escuela. Vecinos solicitan mayor presencia policial. Evitar exhibir objetos de valor y denunciar al 911.,Robo,-31.438913,-64.482414,8/24/2024
"Nevada en Viedma, Río Negro: rutas con baja adherencia","Se registran nevadas en un barrio residencial. Puede haber hielo en calzada y reducción de visibilidad. Portar cadenas y consultar el estado de rutas antes de viajar. Se aconseja manejar con cadenas y luces bajas. Si tenés info actualizada, comentá para ayudar a otros.",Nevada,-40.797482,-62.989682,10/20/2025
"Altas temperaturas en San Miguel de Tucumán, Tucumán: alertan por golpe de calor","Se reportan temperaturas elevadas en inmediaciones de una escuela. Recomiendan hidratarse, evitar exposición al sol en horas pico y prestar atención a niños y adultos mayores. Protección Civil recomienda evitar actividad física al aire libre por la tarde.",Ola de calor,-26.801031,-65.239594,5/8/2025
"Atención: aumento de consultas respiratorias en Santa Rosa, La Pampa",Vecinos informan alta demanda en guardias en un barrio residencial. Se recomienda uso de barbijo en centros de salud si hay síntomas y ventilar ambientes.,Salud,-36.632849,-64.289608,4/20/2025
"Demoras en transporte en Posadas, Misiones","Usuarios informan (esta noche) demoras y cancelaciones sobre un acceso principal. Se recomienda consultar estados oficiales y prever tiempos extra. Si tenés info actualizada, comentá para ayudar a otros.",Transporte,-27.39105,-55.902462,6/2/2025
"Ráfagas fuertes en Zárate, Buenos Aires: caída de ramas y carteles","Se reportan (en las últimas horas) ráfagas intensas sobre un acceso principal. Hay ramas caídas y reducción de visibilidad en algunos tramos. Evitar circular bajo árboles y estructuras inestables. Si tenés info actualizada, comentá para ayudar a otros.",Vientos fuertes,-34.115791,-59.037027,9/9/2025
"Calles anegadas en Rafaela, Santa Fe tras lluvias intensas","Vecinos informan anegamientos y acumulación de agua en un puente/viaducto. Hay demoras en el tránsito y se solicita circular con precaución. Algunos desagües se vieron superados por la intensidad de la lluvia. Si tenés info actualizada, comentá para ayudar a otros.",Inundación,-31.253432,-61.51951,1/4/2024
"Tormenta con granizo en San Francisco, Córdoba: daños en vehículos","Vecinos reportan caída de granizo cerca de una estación de servicio. Se registran daños menores y demoras. Se recomienda resguardarse y conducir a baja velocidad. Si tenés info actualizada, comentá para ayudar a otros.",Granizo,-31.450645,-62.092821,11/28/2024
"Calles anegadas en Campana, Buenos Aires tras lluvias intensas",Vecinos informan anegamientos y acumulación de agua sobre un acceso principal. Hay demoras en el tránsito y se solicita circular con precaución.,Inundación,-34.17321,-58.966867,2/6/2025
"Derrame de combustible en Río Cuarto, Córdoba: calzada resbaladiza",Se reporta un derrame de combustible en la salida hacia la ruta. Personal trabaja en la limpieza. Circular con extrema precaución y mantener distancia.,Derrame,-33.136362,-64.376803,11/8/2025
"Incendio forestal cerca de Comodoro Rivadavia, Chubut: humo visible","Se reporta (esta tarde) un foco de incendio en vegetación en la salida hacia la ruta. Brigadistas trabajan para contenerlo. No acercarse a la zona y reportar nuevos focos. El humo puede afectar la visibilidad y la calidad del aire. Si tenés info actualizada, comentá para ayudar a otros.",Incendio forestal,-45.846991,-67.500935,1/30/2024
"Deslizamiento de ladera en Belén, Catamarca: precaución en accesos",Se reporta (esta noche) un deslizamiento de tierra/rocas sobre un acceso principal. Puede haber calzada parcial o totalmente obstruida. Evitar transitar la zona hasta nuevo aviso.,Deslizamiento,-27.658948,-67.01284,10/21/2025
"Incendio en San Clemente del Tuyú, Buenos Aires: bomberos trabajan en el lugar","Se reporta un incendio en un corredor comercial. Bomberos y Defensa Civil acudieron al lugar. Se recomienda evitar la zona y no inhalar humo. Si tenés info actualizada, comentá para ayudar a otros.",Incendio,-36.36628,-56.735234,10/30/2025
"Incendio forestal cerca de Puerto Madryn, Chubut: humo visible",Se reporta un foco de incendio en vegetación cerca de un parque/plaza. Brigadistas trabajan para contenerlo. No acercarse a la zona y reportar nuevos focos. El humo puede afectar la visibilidad y la calidad del aire.,Incendio forestal,-42.78916,-65.058801,7/31/2024
"Choque en Belén, Catamarca: tránsito reducido",Testigos informan un accidente de tránsito cerca de un parque/plaza. Se recomienda tomar desvíos y respetar indicaciones del personal en el lugar.,Accidente vial,-27.659002,-67.049624,7/16/2024
"Altas temperaturas en San Fernando del Valle de Catamarca, Catamarca: alertan por golpe de calor","Se reportan (esta tarde) temperaturas elevadas en un corredor comercial. Recomiendan hidratarse, evitar exposición al sol en horas pico y prestar atención a niños y adultos mayores. Protección Civil recomienda evitar actividad física al aire libre por la tarde. Si tenés info actualizada, comentá para ayudar a otros.",Ola de calor,-28.451038,-65.803071,1/21/2024
"Derrame de combustible en Zárate, Buenos Aires: calzada resbaladiza","Se reporta (esta mañana) un derrame de combustible en un corredor comercial. Personal trabaja en la limpieza. Circular con extrema precaución y mantener distancia. Si tenés info actualizada, comentá para ayudar a otros.",Derrame,-34.101611,-59.024143,1/3/2025
"Atención: aumento de consultas respiratorias en Cutral Có, Neuquén","Vecinos informan alta demanda en guardias sobre un acceso principal. Se recomienda uso de barbijo en centros de salud si hay síntomas y ventilar ambientes. Si tenés info actualizada, comentá para ayudar a otros.",Salud,-38.945126,-69.222552,3/18/2025
"Incendio en Resistencia, Chaco: bomberos trabajan en el lugar",Se reporta un incendio en la salida hacia la ruta. Bomberos y Defensa Civil acudieron al lugar. Se recomienda evitar la zona y no inhalar humo.,Incendio,-27.453004,-58.981469,1/1/2024
"Nevada en Cutral Có, Neuquén: rutas con baja adherencia","Se registran (al mediodía) nevadas cerca de un parque/plaza. Puede haber hielo en calzada y reducción de visibilidad. Portar cadenas y consultar el estado de rutas antes de viajar. Se aconseja manejar con cadenas y luces bajas. Si tenés info actualizada, comentá para ayudar a otros.",Nevada,-38.959076,-69.202987,4/21/2024
"Demoras en transporte en Rosario, Santa Fe","Usuarios informan (en las últimas horas) demoras y cancelaciones en la zona céntrica. Se recomienda consultar estados oficiales y prever tiempos extra. Si tenés info actualizada, comentá para ayudar a otros.",Transporte,-32.919005,-60.64177,11/7/2024
"Atención: aumento de consultas respiratorias en Cutral Có, Neuquén",Vecinos informan (esta mañana) alta demanda en guardias en la salida hacia la ruta. Se recomienda uso de barbijo en centros de salud si hay síntomas y ventilar ambientes.,Salud,-38.950179,-69.204688,7/15/2024
"Deslizamiento de ladera en San Carlos de Bariloche, Río Negro: precaución en accesos","Se reporta (esta noche) un deslizamiento de tierra/rocas en la zona céntrica. Puede haber calzada parcial o totalmente obstruida. Evitar transitar la zona hasta nuevo aviso. Si tenés info actualizada, comentá para ayudar a otros.",Deslizamiento,-41.146784,-71.321319,9/5/2024
"Deslizamiento de ladera en Puerto Madryn, Chubut: precaución en accesos","Se reporta un deslizamiento de tierra/rocas sobre un acceso principal. Puede haber calzada parcial o totalmente obstruida. Evitar transitar la zona hasta nuevo aviso. Si tenés info actualizada, comentá para ayudar a otros.",Deslizamiento,-42.760221,-65.065181,7/17/2024
"Altas temperaturas en Rosario, Santa Fe: alertan por golpe de calor","Se reportan temperaturas elevadas sobre un acceso principal. Recomiendan hidratarse, evitar exposición al sol en horas pico y prestar atención a niños y adultos mayores. Protección Civil recomienda evitar actividad física al aire libre por la tarde.",Ola de calor,-32.960593,-60.678454,12/12/2024
"Corte parcial por protesta en Tilcara, Jujuy","Vecinos informan una manifestación en la salida hacia la ruta. Hay cortes parciales/total de calzada y demoras. Se recomienda usar vías alternativas. Si tenés info actualizada, comentá para ayudar a otros.",Protesta,-23.563752,-65.395507,7/29/2024
"Ráfagas fuertes en Luján, Buenos Aires: caída de ramas y carteles","Se reportan (esta tarde) ráfagas intensas sobre un acceso principal. Hay ramas caídas y reducción de visibilidad en algunos tramos. Evitar circular bajo árboles y estructuras inestables. Si tenés info actualizada, comentá para ayudar a otros.",Vientos fuertes,-34.59376,-59.097684,9/16/2025
"Ráfagas fuertes en San Clemente del Tuyú, Buenos Aires: caída de ramas y carteles",Se reportan (esta noche) ráfagas intensas en la zona céntrica. Hay ramas caídas y reducción de visibilidad en algunos tramos. Evitar circular bajo árboles y estructuras inestables.,Vientos fuertes,-36.383638,-56.751682,9/2/2025
"Incendio en Pergamino, Buenos Aires: bomberos trabajan en el lugar","Se reporta un incendio cerca de una estación de servicio. Bomberos y Defensa Civil acudieron al lugar. Se recomienda evitar la zona y no inhalar humo. Si tenés info actualizada, comentá para ayudar a otros.",Incendio,-33.870985,-60.559637,3/22/2024
"Ráfagas fuertes en San Martín de los Andes, Neuquén: caída de ramas y carteles",Se reportan ráfagas intensas cerca de una estación de servicio. Hay ramas caídas y reducción de visibilidad en algunos tramos. Evitar circular bajo árboles y estructuras inestables.,Vientos fuertes,-40.159843,-71.36469,1/22/2025
"Nevada en San Martín de los Andes, Neuquén: rutas con baja adherencia","Se registran (esta mañana) nevadas cerca de una estación de servicio. Puede haber hielo en calzada y reducción de visibilidad. Portar cadenas y consultar el estado de rutas antes de viajar. Se aconseja manejar con cadenas y luces bajas. Si tenés info actualizada, comentá para ayudar a otros.",Nevada,-40.166812,-71.326069,5/6/2024
"Derrame de combustible en Venado Tuerto, Santa Fe: calzada resbaladiza",Se reporta un derrame de combustible en inmediaciones de una escuela. Personal trabaja en la limpieza. Circular con extrema precaución y mantener distancia.,Derrame,-33.772645,-61.969592,1/16/2025
"Nevada en San Juan, San Juan: rutas con baja adherencia",Se registran nevadas en un puente/viaducto. Puede haber hielo en calzada y reducción de visibilidad. Portar cadenas y consultar el estado de rutas antes de viajar. Se aconseja manejar con cadenas y luces bajas.,Nevada,-31.5296,-68.551519,10/2/2025
"Derrame de combustible en Tandil, Buenos Aires: calzada resbaladiza","Se reporta un derrame de combustible en la zona céntrica. Personal trabaja en la limpieza. Circular con extrema precaución y mantener distancia. Si tenés info actualizada, comentá para ayudar a otros.",Derrame,-37.35508,-59.155004,3/5/2024
"Nevada en San Rafael, Mendoza: rutas con baja adherencia","Se registran nevadas en inmediaciones de una escuela. Puede haber hielo en calzada y reducción de visibilidad. Portar cadenas y consultar el estado de rutas antes de viajar. Se aconseja manejar con cadenas y luces bajas. Si tenés info actualizada, comentá para ayudar a otros.",Nevada,-34.645085,-68.315314,12/7/2025
"Incendio en San Isidro, Buenos Aires: bomberos trabajan en el lugar",Se reporta un incendio en un área industrial. Bomberos y Defensa Civil acudieron al lugar. Se recomienda evitar la zona y no inhalar humo.,Incendio,-34.444205,-58.557145,8/27/2024
"Corte parcial por protesta en Gualeguaychú, Entre Ríos",Vecinos informan una manifestación en inmediaciones de una escuela. Hay cortes parciales/total de calzada y demoras. Se recomienda usar vías alternativas.,Protesta,-33.031438,-58.517408,1/9/2024
"Deslizamiento de ladera en Salta, Salta: precaución en accesos","Se reporta (esta tarde) un deslizamiento de tierra/rocas sobre un acceso principal. Puede haber calzada parcial o totalmente obstruida. Evitar transitar la zona hasta nuevo aviso. Si tenés info actualizada, comentá para ayudar a otros.",Deslizamiento,-24.76507,-65.417457,6/8/2025
"Choque en San Salvador de Jujuy, Jujuy: tránsito reducido","Testigos informan (en las últimas horas) un accidente de tránsito en la salida hacia la ruta. Se recomienda tomar desvíos y respetar indicaciones del personal en el lugar. Si tenés info actualizada, comentá para ayudar a otros.",Accidente vial,-24.183123,-65.319858,3/12/2025
"Tormenta con granizo en Río Cuarto, Córdoba: daños en vehículos","Vecinos reportan caída de granizo en un área industrial. Se registran daños menores y demoras. Se recomienda resguardarse y conducir a baja velocidad. Si tenés info actualizada, comentá para ayudar a otros. (esta noche).",Granizo,-33.093894,-64.321573,6/26/2024
"Derrame de combustible en Caucete, San Juan: calzada resbaladiza",Se reporta (en las últimas horas) un derrame de combustible en un área industrial. Personal trabaja en la limpieza. Circular con extrema precaución y mantener distancia.,Derrame,-31.633581,-68.271134,5/4/2024
"Choque en Avellaneda, Buenos Aires: tránsito reducido","Testigos informan (esta tarde) un accidente de tránsito en un área industrial. Se recomienda tomar desvíos y respetar indicaciones del personal en el lugar. Si tenés info actualizada, comentá para ayudar a otros.",Accidente vial,-34.679149,-58.381754,9/8/2024
"Demoras en transporte en Quilmes, Buenos Aires","Usuarios informan demoras y cancelaciones sobre un acceso principal. Se recomienda consultar estados oficiales y prever tiempos extra. Si tenés info actualizada, comentá para ayudar a otros.",Transporte,-34.694653,-58.252261,8/24/2024
"Incendio en Gualeguaychú, Entre Ríos: bomberos trabajan en el lugar","Se reporta un incendio en un barrio residencial. Bomberos y Defensa Civil acudieron al lugar. Se recomienda evitar la zona y no inhalar humo. Si tenés info actualizada, comentá para ayudar a otros.",Incendio,-33.025533,-58.520302,1/17/2025
"Incendio en General Roca, Río Negro: bomberos trabajan en el lugar","Se reporta un incendio en la zona céntrica. Bomberos y Defensa Civil acudieron al lugar. Se recomienda evitar la zona y no inhalar humo. Si tenés info actualizada, comentá para ayudar a otros.",Incendio,-39.028308,-67.55749,1/16/2025
"Atención: aumento de consultas respiratorias en Presidencia Roque Sáenz Peña, Chaco",Vecinos informan alta demanda en guardias en inmediaciones de una escuela. Se recomienda uso de barbijo en centros de salud si hay síntomas y ventilar ambientes.,Salud,-26.81482,-60.430553,9/26/2025
"Tormenta con granizo en San Nicolás, Buenos Aires: daños en vehículos","Vecinos reportan caída de granizo en un puente/viaducto. Se registran daños menores y demoras. Se recomienda resguardarse y conducir a baja velocidad. Si tenés info actualizada, comentá para ayudar a otros. (esta tarde).",Granizo,-33.362506,-60.196566,7/27/2024
"Nevada en Trelew, Chubut: rutas con baja adherencia","Se registran (al mediodía) nevadas en un puente/viaducto. Puede haber hielo en calzada y reducción de visibilidad. Portar cadenas y consultar el estado de rutas antes de viajar. Se aconseja manejar con cadenas y luces bajas. Si tenés info actualizada, comentá para ayudar a otros.",Nevada,-43.277012,-65.305362,5/10/2025
"Corte parcial por protesta en Paraná, Entre Ríos","Vecinos informan una manifestación en un corredor comercial. Hay cortes parciales/total de calzada y demoras. Se recomienda usar vías alternativas. Si tenés info actualizada, comentá para ayudar a otros.",Protesta,-31.735016,-60.523634,10/4/2024
"Derrame de combustible en Luján, Buenos Aires: calzada resbaladiza","Se reporta un derrame de combustible en la zona céntrica. Personal trabaja en la limpieza. Circular con extrema precaución y mantener distancia. Si tenés info actualizada, comentá para ayudar a otros.",Derrame,-34.578869,-59.110113,1/7/2025
"Derrame de combustible en Campana, Buenos Aires: calzada resbaladiza",Se reporta un derrame de combustible sobre un acceso principal. Personal trabaja en la limpieza. Circular con extrema precaución y mantener distancia.,Derrame,-34.181206,-58.982388,4/2/2024
"Sismo percibido en Tilcara, Jujuy: sin daños reportados","Usuarios reportan un temblor cerca de una estación de servicio. Por el momento no se informan daños. Mantener la calma y seguir recomendaciones de Defensa Civil. Se recomienda revisar instalaciones de gas y electricidad. Si tenés info actualizada, comentá para ayudar a otros. (al mediodía).",Sismo,-23.56966,-65.371212,4/1/2024
"Demoras en transporte en Puerto Iguazú, Misiones","Usuarios informan (en las últimas horas) demoras y cancelaciones cerca de una estación de servicio. Se recomienda consultar estados oficiales y prever tiempos extra. Si tenés info actualizada, comentá para ayudar a otros.",Transporte,-25.618793,-54.599574,1/27/2025
"Corte de luz en San Isidro, Buenos Aires: cuadrillas revisan la red",Se registran interrupciones del servicio eléctrico en la zona céntrica. La empresa distribuidora indicó tareas de reparación. Se sugiere desconectar artefactos sensibles.,Corte de energía,-34.497598,-58.50303,2/1/2025
"Corte parcial por protesta en San Salvador de Jujuy, Jujuy",Vecinos informan una manifestación sobre un acceso principal. Hay cortes parciales/total de calzada y demoras. Se recomienda usar vías alternativas.,Protesta,-24.204033,-65.301123,8/1/2025
"Demoras en transporte en San Francisco, Córdoba","Usuarios informan (al mediodía) demoras y cancelaciones cerca de una estación de servicio. Se recomienda consultar estados oficiales y prever tiempos extra. Si tenés info actualizada, comentá para ayudar a otros.",Transporte,-31.399658,-62.063761,7/16/2024
"Atención: aumento de consultas respiratorias en San Nicolás, Buenos Aires","Vecinos informan alta demanda en guardias en un puente/viaducto. Se recomienda uso de barbijo en centros de salud si hay síntomas y ventilar ambientes. Si tenés info actualizada, comentá para ayudar a otros.",Salud,-33.331797,-60.202877,11/9/2024
"Demoras en transporte en Luján, Buenos Aires","Usuarios informan demoras y cancelaciones sobre un acceso principal. Se recomienda consultar estados oficiales y prever tiempos extra. Si tenés info actualizada, comentá para ayudar a otros.",Transporte,-34.573493,-59.108799,1/24/2024
"Ráfagas fuertes en San Clemente del Tuyú, Buenos Aires: caída de ramas y carteles","Se reportan ráfagas intensas sobre un acceso principal. Hay ramas caídas y reducción de visibilidad en algunos tramos. Evitar circular bajo árboles y estructuras inestables. Si tenés info actualizada, comentá para ayudar a otros.",Vientos fuertes,-36.337762,-56.702907,4/29/2025
"Choque en Villa Carlos Paz, Córdoba: tránsito reducido","Testigos informan (esta noche) un accidente de tránsito en un puente/viaducto. Se recomienda tomar desvíos y respetar indicaciones del personal en el lugar. Si tenés info actualizada, comentá para ayudar a otros.",Accidente vial,-31.422739,-64.488374,2/11/2024
"Derrame de combustible en Rosario, Santa Fe: calzada resbaladiza","Se reporta un derrame de combustible en un corredor comercial. Personal trabaja en la limpieza. Circular con extrema precaución y mantener distancia. Si tenés info actualizada, comentá para ayudar a otros.",Derrame,-32.920508,-60.641335,5/19/2024
"Choque en Corrientes, Corrientes: tránsito reducido",Testigos informan un accidente de tránsito cerca de una estación de servicio. Se recomienda tomar desvíos y respetar indicaciones del personal en el lugar.,Accidente vial,-27.441802,-58.805638,6/18/2024
"Derrame de combustible en Villa Carlos Paz, Córdoba: calzada resbaladiza",Se reporta (en las últimas horas) un derrame de combustible en un área industrial. Personal trabaja en la limpieza. Circular con extrema precaución y mantener distancia.,Derrame,-31.4365,-64.478862,5/27/2024
"Calles anegadas en Pinamar, Buenos Aires tras lluvias intensas","Vecinos informan anegamientos y acumulación de agua en un área industrial. Hay demoras en el tránsito y se solicita circular con precaución. Si tenés info actualizada, comentá para ayudar a otros.",Inundación,-37.118855,-56.88979,7/5/2024
"Derrame de combustible en Rafaela, Santa Fe: calzada resbaladiza","Se reporta un derrame de combustible en la salida hacia la ruta. Personal trabaja en la limpieza. Circular con extrema precaución y mantener distancia. Si tenés info actualizada, comentá para ayudar a otros.",Derrame,-31.275695,-61.489157,10/13/2025
"Demoras en transporte en Presidencia Roque Sáenz Peña, Chaco",Usuarios informan demoras y cancelaciones en un corredor comercial. Se recomienda consultar estados oficiales y prever tiempos extra.,Transporte,-26.808923,-60.409223,10/6/2025
"Altas temperaturas en Puerto Iguazú, Misiones: alertan por golpe de calor","Se reportan temperaturas elevadas en la salida hacia la ruta. Recomiendan hidratarse, evitar exposición al sol en horas pico y prestar atención a niños y adultos mayores. Protección Civil recomienda evitar actividad física al aire libre por la tarde.",Ola de calor,-25.607485,-54.557722,3/28/2025
"Choque en Pergamino, Buenos Aires: tránsito reducido","Testigos informan un accidente de tránsito en un corredor comercial. Se recomienda tomar desvíos y respetar indicaciones del personal en el lugar. Si tenés info actualizada, comentá para ayudar a otros.",Accidente vial,-33.864957,-60.568448,11/10/2025
"Incendio en Ciudad Autónoma de Buenos Aires, CABA: bomberos trabajan en el lugar","Se reporta un incendio sobre un acceso principal. Bomberos y Defensa Civil acudieron al lugar. Se recomienda evitar la zona y no inhalar humo. Si tenés info actualizada, comentá para ayudar a otros.",Incendio,-34.607766,-58.380839,2/18/2024
"Deslizamiento de ladera en General Roca, Río Negro: precaución en accesos","Se reporta (esta tarde) un deslizamiento de tierra/rocas en la zona céntrica. Puede haber calzada parcial o totalmente obstruida. Evitar transitar la zona hasta nuevo aviso. Si tenés info actualizada, comentá para ayudar a otros.",Deslizamiento,-39.045076,-67.581915,6/30/2025
"Altas temperaturas en Termas de Río Hondo, Santiago del Estero: alertan por golpe de calor","Se reportan temperaturas elevadas en un área industrial. Recomiendan hidratarse, evitar exposición al sol en horas pico y prestar atención a niños y adultos mayores. Protección Civil recomienda evitar actividad física al aire libre por la tarde. Si tenés info actualizada, comentá para ayudar a otros.",Ola de calor,-27.473792,-64.879483,1/15/2024
"Sismo percibido en Salta, Salta: sin daños reportados","Usuarios reportan un temblor en un barrio residencial. Por el momento no se informan daños. Mantener la calma y seguir recomendaciones de Defensa Civil. Se recomienda revisar instalaciones de gas y electricidad. Si tenés info actualizada, comentá para ayudar a otros. (esta tarde).",Sismo,-24.787983,-65.437346,1/12/2024
"Atención: aumento de consultas respiratorias en San Martín (Mza), Mendoza","Vecinos informan alta demanda en guardias en un área industrial. Se recomienda uso de barbijo en centros de salud si hay síntomas y ventilar ambientes. Si tenés info actualizada, comentá para ayudar a otros.",Salud,-33.066989,-68.48509,1/1/2024
"Incendio en Malargüe, Mendoza: bomberos trabajan en el lugar","Se reporta (esta mañana) un incendio en la salida hacia la ruta. Bomberos y Defensa Civil acudieron al lugar. Se recomienda evitar la zona y no inhalar humo. Si tenés info actualizada, comentá para ayudar a otros.",Incendio,-35.504759,-69.581245,7/20/2024
"Corte parcial por protesta en Mendoza, Mendoza",Vecinos informan una manifestación en un área industrial. Hay cortes parciales/total de calzada y demoras. Se recomienda usar vías alternativas.,Protesta,-32.894585,-68.839009,6/4/2025
"Atención: aumento de consultas respiratorias en San Isidro, Buenos Aires",Vecinos informan alta demanda en guardias en la zona céntrica. Se recomienda uso de barbijo en centros de salud si hay síntomas y ventilar ambientes.,Salud,-34.472124,-58.526296,1/19/2025
"Calles anegadas en Gualeguaychú, Entre Ríos tras lluvias intensas","Vecinos informan anegamientos y acumulación de agua cerca de un parque/plaza. Hay demoras en el tránsito y se solicita circular con precaución. Algunos desagües se vieron superados por la intensidad de la lluvia. Si tenés info actualizada, comentá para ayudar a otros.",Inundación,-33.023714,-58.508559,5/6/2024
"Choque en Pergamino, Buenos Aires: tránsito reducido",Testigos informan un accidente de tránsito en un corredor comercial. Se recomienda tomar desvíos y respetar indicaciones del personal en el lugar.,Accidente vial,-33.868963,-60.545286,10/29/2024
"Demoras en transporte en Rosario, Santa Fe","Usuarios informan demoras y cancelaciones en la zona céntrica. Se recomienda consultar estados oficiales y prever tiempos extra. Si tenés info actualizada, comentá para ayudar a otros.",Transporte,-32.923697,-60.668333,6/12/2024
"Sismo percibido en San Juan, San Juan: sin daños reportados",Usuarios reportan un temblor en un puente/viaducto. Por el momento no se informan daños. Mantener la calma y seguir recomendaciones de Defensa Civil. En la región suele registrarse actividad sísmica moderada.,Sismo,-31.516384,-68.511099,11/12/2025
"Ráfagas fuertes en Necochea, Buenos Aires: caída de ramas y carteles",Se reportan ráfagas intensas en un corredor comercial. Hay ramas caídas y reducción de visibilidad en algunos tramos. Evitar circular bajo árboles y estructuras inestables.,Vientos fuertes,-38.548767,-58.722523,8/7/2025
"Nevada en Neuquén, Neuquén: rutas con baja adherencia",Se registran nevadas en un área industrial. Puede haber hielo en calzada y reducción de visibilidad. Portar cadenas y consultar el estado de rutas antes de viajar. Se aconseja manejar con cadenas y luces bajas.,Nevada,-38.971307,-68.087125,4/24/2024
"Altas temperaturas en San Salvador de Jujuy, Jujuy: alertan por golpe de calor","Se reportan (al mediodía) temperaturas elevadas cerca de una estación de servicio. Recomiendan hidratarse, evitar exposición al sol en horas pico y prestar atención a niños y adultos mayores. Protección Civil recomienda evitar actividad física al aire libre por la tarde.",Ola de calor,-24.174242,-65.291467,3/10/2024
"Atención: aumento de consultas respiratorias en Villa Carlos Paz, Córdoba","Vecinos informan alta demanda en guardias en un puente/viaducto. Se recomienda uso de barbijo en centros de salud si hay síntomas y ventilar ambientes. Si tenés info actualizada, comentá para ayudar a otros.",Salud,-31.420966,-64.48795,1/28/2025
"Incendio forestal cerca de San Luis, San Luis: humo visible","Se reporta un foco de incendio en vegetación en un barrio residencial. Brigadistas trabajan para contenerlo. No acercarse a la zona y reportar nuevos focos. Si tenés info actualizada, comentá para ayudar a otros.",Incendio forestal,-33.277033,-66.322575,3/30/2024
"Incendio en Pinamar, Buenos Aires: bomberos trabajan en el lugar","Se reporta un incendio cerca de una estación de servicio. Bomberos y Defensa Civil acudieron al lugar. Se recomienda evitar la zona y no inhalar humo. Si tenés info actualizada, comentá para ayudar a otros.",Incendio,-37.1257,-56.872852,3/9/2025
"Tormenta con granizo en San Martín (Mza), Mendoza: daños en vehículos","Vecinos reportan caída de granizo en inmediaciones de una escuela. Se registran daños menores y demoras. Se recomienda resguardarse y conducir a baja velocidad. Si tenés info actualizada, comentá para ayudar a otros.",Granizo,-33.05638,-68.453846,9/8/2025
"Demoras en transporte en Quilmes, Buenos Aires",Usuarios informan (en las últimas horas) demoras y cancelaciones en la zona céntrica. Se recomienda consultar estados oficiales y prever tiempos extra.,Transporte,-34.707818,-58.261893,2/19/2024
"Atención: aumento de consultas respiratorias en Neuquén, Neuquén",Vecinos informan (esta noche) alta demanda en guardias en un barrio residencial. Se recomienda uso de barbijo en centros de salud si hay síntomas y ventilar ambientes.,Salud,-38.981522,-68.076978,2/25/2024
"Incendio en San Clemente del Tuyú, Buenos Aires: bomberos trabajan en el lugar",Se reporta un incendio cerca de un parque/plaza. Bomberos y Defensa Civil acudieron al lugar. Se recomienda evitar la zona y no inhalar humo.,Incendio,-36.328871,-56.717547,6/11/2025
"Altas temperaturas en San Salvador de Jujuy, Jujuy: alertan por golpe de calor","Se reportan (al mediodía) temperaturas elevadas sobre un acceso principal. Recomiendan hidratarse, evitar exposición al sol en horas pico y prestar atención a niños y adultos mayores. Protección Civil recomienda evitar actividad física al aire libre por la tarde.",Ola de calor,-24.209205,-65.291308,3/23/2024
"Derrame de combustible en Concordia, Entre Ríos: calzada resbaladiza","Se reporta un derrame de combustible en un puente/viaducto. Personal trabaja en la limpieza. Circular con extrema precaución y mantener distancia. Si tenés info actualizada, comentá para ayudar a otros.",Derrame,-31.369289,-58.006187,3/8/2025
"Choque en Puerto Iguazú, Misiones: tránsito reducido","Testigos informan un accidente de tránsito en inmediaciones de una escuela. Se recomienda tomar desvíos y respetar indicaciones del personal en el lugar. Si tenés info actualizada, comentá para ayudar a otros.",Accidente vial,-25.599029,-54.580842,10/7/2025
"Demoras en transporte en Resistencia, Chaco",Usuarios informan demoras y cancelaciones en un área industrial. Se recomienda consultar estados oficiales y prever tiempos extra.,Transporte,-27.442622,-58.995791,11/30/2024
"Demoras en transporte en Presidencia Roque Sáenz Peña, Chaco","Usuarios informan demoras y cancelaciones en un puente/viaducto. Se recomienda consultar estados oficiales y prever tiempos extra. Si tenés info actualizada, comentá para ayudar a otros.",Transporte,-26.768794,-60.43405,5/9/2024
"Deslizamiento de ladera en Puerto Madryn, Chubut: precaución en accesos","Se reporta un deslizamiento de tierra/rocas sobre un acceso principal. Puede haber calzada parcial o totalmente obstruida. Evitar transitar la zona hasta nuevo aviso. Si tenés info actualizada, comentá para ayudar a otros.",Deslizamiento,-42.749609,-65.03146,6/8/2024
"Incendio forestal cerca de Esquel, Chubut: humo visible","Se reporta un foco de incendio en vegetación cerca de una estación de servicio. Brigadistas trabajan para contenerlo. No acercarse a la zona y reportar nuevos focos. El humo puede afectar la visibilidad y la calidad del aire. Si tenés info actualizada, comentá para ayudar a otros.",Incendio forestal,-42.927479,-71.291702,4/14/2024
"Sismo percibido en Mendoza, Mendoza: sin daños reportados",Usuarios reportan un temblor cerca de una estación de servicio. Por el momento no se informan daños. Mantener la calma y seguir recomendaciones de Defensa Civil. En la región suele registrarse actividad sísmica moderada.,Sismo,-32.875502,-68.849705,7/19/2024
"Choque en Rafaela, Santa Fe: tránsito reducido","Testigos informan (esta noche) un accidente de tránsito en la salida hacia la ruta. Se recomienda tomar desvíos y respetar indicaciones del personal en el lugar. Si tenés info actualizada, comentá para ayudar a otros.",Accidente vial,-31.240994,-61.490971,10/9/2025
"Calles anegadas en Mar del Plata, Buenos Aires tras lluvias intensas",Vecinos informan anegamientos y acumulación de agua en inmediaciones de una escuela. Hay demoras en el tránsito y se solicita circular con precaución.,Inundación,-37.991043,-57.51812,3/16/2025
"Incendio forestal cerca de Caucete, San Juan: humo visible",Se reporta un foco de incendio en vegetación en un área industrial. Brigadistas trabajan para contenerlo. No acercarse a la zona y reportar nuevos focos.,Incendio forestal,-31.645908,-68.283766,11/16/2024
"Incendio forestal cerca de Caucete, San Juan: humo visible",Se reporta un foco de incendio en vegetación en la salida hacia la ruta. Brigadistas trabajan para contenerlo. No acercarse a la zona y reportar nuevos focos.,Incendio forestal,-31.669396,-68.285585,4/11/2025
"Demoras en transporte en Jesús María, Córdoba",Usuarios informan (esta mañana) demoras y cancelaciones cerca de una estación de servicio. Se recomienda consultar estados oficiales y prever tiempos extra.,Transporte,-30.988277,-64.09471,4/18/2024
"Incendio forestal cerca de Chilecito, La Rioja: humo visible",Se reporta un foco de incendio en vegetación cerca de una estación de servicio. Brigadistas trabajan para contenerlo. No acercarse a la zona y reportar nuevos focos.,Incendio forestal,-29.185511,-67.509108,8/11/2025
"Derrame de combustible en San Luis, San Luis: calzada resbaladiza","Se reporta un derrame de combustible en un corredor comercial. Personal trabaja en la limpieza. Circular con extrema precaución y mantener distancia. Si tenés info actualizada, comentá para ayudar a otros.",Derrame,-33.309505,-66.347229,4/12/2025
"Alerta por robos en Campana, Buenos Aires: piden reforzar cuidados",Se reportan hechos de inseguridad en un barrio residencial. Vecinos solicitan mayor presencia policial. Evitar exhibir objetos de valor y denunciar al 911.,Robo,-34.152346,-58.974053,1/26/2025
"Calles anegadas en La Plata, Buenos Aires tras lluvias intensas",Vecinos informan anegamientos y acumulación de agua en la salida hacia la ruta. Hay demoras en el tránsito y se solicita circular con precaución.,Inundación,-34.910907,-57.949689,4/21/2024
"Demoras en transporte en San Francisco, Córdoba",Usuarios informan demoras y cancelaciones sobre un acceso principal. Se recomienda consultar estados oficiales y prever tiempos extra.,Transporte,-31.430173,-62.102828,3/11/2024
"Derrame de combustible en Necochea, Buenos Aires: calzada resbaladiza",Se reporta un derrame de combustible en un corredor comercial. Personal trabaja en la limpieza. Circular con extrema precaución y mantener distancia.,Derrame,-38.566224,-58.726038,2/27/2025
"Corte parcial por protesta en Belén, Catamarca",Vecinos informan una manifestación cerca de una estación de servicio. Hay cortes parciales/total de calzada y demoras. Se recomienda usar vías alternativas.,Protesta,-27.638984,-67.044173,1/20/2025
"Choque en Jáchal, San Juan: tránsito reducido","Testigos informan un accidente de tránsito cerca de un parque/plaza. Se recomienda tomar desvíos y respetar indicaciones del personal en el lugar. Si tenés info actualizada, comentá para ayudar a otros.",Accidente vial,-30.252827,-68.762002,11/5/2024
"Ráfagas fuertes en San Clemente del Tuyú, Buenos Aires: caída de ramas y carteles",Se reportan ráfagas intensas en un área industrial. Hay ramas caídas y reducción de visibilidad en algunos tramos. Evitar circular bajo árboles y estructuras inestables.,Vientos fuertes,-36.365154,-56.697376,1/29/2025
"Derrame de combustible en Oberá, Misiones: calzada resbaladiza","Se reporta (en las últimas horas) un derrame de combustible cerca de una estación de servicio. Personal trabaja en la limpieza. Circular con extrema precaución y mantener distancia. Si tenés info actualizada, comentá para ayudar a otros.",Derrame,-27.516101,-55.148311,3/14/2024
"Deslizamiento de ladera en Río Gallegos, Santa Cruz: precaución en accesos",Se reporta un deslizamiento de tierra/rocas en un barrio residencial. Puede haber calzada parcial o totalmente obstruida. Evitar transitar la zona hasta nuevo aviso.,Deslizamiento,-51.64186,-69.219682,6/5/2024
"Choque en Malargüe, Mendoza: tránsito reducido",Testigos informan un accidente de tránsito en un área industrial. Se recomienda tomar desvíos y respetar indicaciones del personal en el lugar.,Accidente vial,-35.458623,-69.574193,7/15/2025
"Derrame de combustible en Mendoza, Mendoza: calzada resbaladiza","Se reporta un derrame de combustible sobre un acceso principal. Personal trabaja en la limpieza. Circular con extrema precaución y mantener distancia. Si tenés info actualizada, comentá para ayudar a otros.",Derrame,-32.893185,-68.822839,7/22/2025
"Incendio forestal cerca de Caucete, San Juan: humo visible","Se reporta un foco de incendio en vegetación cerca de una estación de servicio. Brigadistas trabajan para contenerlo. No acercarse a la zona y reportar nuevos focos. Si tenés info actualizada, comentá para ayudar a otros.",Incendio forestal,-31.655338,-68.256672,5/18/2025
"Deslizamiento de ladera en Santiago del Estero, Santiago del Estero: precaución en accesos",Se reporta (esta tarde) un deslizamiento de tierra/rocas en un área industrial. Puede haber calzada parcial o totalmente obstruida. Evitar transitar la zona hasta nuevo aviso.,Deslizamiento,-27.797022,-64.257746,11/12/2025
"Corte parcial por protesta en Puerto Iguazú, Misiones",Vecinos informan una manifestación en la salida hacia la ruta. Hay cortes parciales/total de calzada y demoras. Se recomienda usar vías alternativas.,Protesta,-25.618269,-54.581977,10/24/2025
"Atención: aumento de consultas respiratorias en Tandil, Buenos Aires",Vecinos informan (esta noche) alta demanda en guardias en un puente/viaducto. Se recomienda uso de barbijo en centros de salud si hay síntomas y ventilar ambientes.,Salud,-37.329719,-59.112846,2/4/2024
"Derrame de combustible en Resistencia, Chaco: calzada resbaladiza",Se reporta un derrame de combustible en un barrio residencial. Personal trabaja en la limpieza. Circular con extrema precaución y mantener distancia.,Derrame,-27.452928,-58.985168,8/3/2024
"Sismo percibido en San Rafael, Mendoza: sin daños reportados",Usuarios reportan un temblor en inmediaciones de una escuela. Por el momento no se informan daños. Mantener la calma y seguir recomendaciones de Defensa Civil. En la región suele registrarse actividad sísmica moderada.,Sismo,-34.630127,-68.310436,2/17/2025
"Alerta por robos en Santa Rosa, La Pampa: piden reforzar cuidados",Se reportan hechos de inseguridad en un puente/viaducto. Vecinos solicitan mayor presencia policial. Evitar exhibir objetos de valor y denunciar al 911.,Robo,-36.602783,-64.300746,11/20/2024
"Atención: aumento de consultas respiratorias en Resistencia, Chaco",Vecinos informan (en las últimas horas) alta demanda en guardias en un barrio residencial. Se recomienda uso de barbijo en centros de salud si hay síntomas y ventilar ambientes.,Salud,-27.428264,-58.983976,2/20/2024
"Incendio en Concordia, Entre Ríos: bomberos trabajan en el lugar","Se reporta un incendio en la zona céntrica. Bomberos y Defensa Civil acudieron al lugar. Se recomienda evitar la zona y no inhalar humo. Si tenés info actualizada, comentá para ayudar a otros.",Incendio,-31.386279,-58.011419,5/27/2025
"Atención: aumento de consultas respiratorias en Venado Tuerto, Santa Fe",Vecinos informan alta demanda en guardias cerca de una estación de servicio. Se recomienda uso de barbijo en centros de salud si hay síntomas y ventilar ambientes.,Salud,-33.739822,-61.957141,8/5/2024
"Incendio en San Fernando del Valle de Catamarca, Catamarca: bomberos trabajan en el lugar",Se reporta un incendio cerca de una estación de servicio. Bomberos y Defensa Civil acudieron al lugar. Se recomienda evitar la zona y no inhalar humo.,Incendio,-28.493564,-65.759369,1/14/2024
"Alerta por robos en Luján, Buenos Aires: piden reforzar cuidados",Se reportan (esta mañana) hechos de inseguridad en inmediaciones de una escuela. Vecinos solicitan mayor presencia policial. Evitar exhibir objetos de valor y denunciar al 911.,Robo,-34.581191,-59.109259,10/19/2025
"Deslizamiento de ladera en Viedma, Río Negro: precaución en accesos","Se reporta (esta noche) un deslizamiento de tierra/rocas en un corredor comercial. Puede haber calzada parcial o totalmente obstruida. Evitar transitar la zona hasta nuevo aviso. Si tenés info actualizada, comentá para ayudar a otros.",Deslizamiento,-40.808981,-62.971582,4/2/2025
"Demoras en transporte en Zárate, Buenos Aires",Usuarios informan demoras y cancelaciones en un área industrial. Se recomienda consultar estados oficiales y prever tiempos extra.,Transporte,-34.122182,-59.012407,7/15/2025
"Calles anegadas en Necochea, Buenos Aires tras lluvias intensas",Vecinos informan anegamientos y acumulación de agua cerca de una estación de servicio. Hay demoras en el tránsito y se solicita circular con precaución.,Inundación,-38.57444,-58.725838,3/31/2024
"Alerta por robos en Resistencia, Chaco: piden reforzar cuidados","Se reportan hechos de inseguridad en la zona céntrica. Vecinos solicitan mayor presencia policial. Evitar exhibir objetos de valor y denunciar al 911. Si tenés info actualizada, comentá para ayudar a otros.",Robo,-27.454353,-58.972048,2/21/2024
"Altas temperaturas en Rosario, Santa Fe: alertan por golpe de calor","Se reportan temperaturas elevadas en un corredor comercial. Recomiendan hidratarse, evitar exposición al sol en horas pico y prestar atención a niños y adultos mayores. Protección Civil recomienda evitar actividad física al aire libre por la tarde.",Ola de calor,-32.918259,-60.665257,2/23/2024
"Incendio en La Plata, Buenos Aires: bomberos trabajan en el lugar",Se reporta un incendio en la zona céntrica. Bomberos y Defensa Civil acudieron al lugar. Se recomienda evitar la zona y no inhalar humo.,Incendio,-34.914307,-57.961163,11/15/2024
"Atención: aumento de consultas respiratorias en Santiago del Estero, Santiago del Estero",Vecinos informan (en las últimas horas) alta demanda en guardias cerca de un parque/plaza. Se recomienda uso de barbijo en centros de salud si hay síntomas y ventilar ambientes.,Salud,-27.781434,-64.263312,6/19/2024
"Corte parcial por protesta en Tilcara, Jujuy",Vecinos informan una manifestación cerca de una estación de servicio. Hay cortes parciales/total de calzada y demoras. Se recomienda usar vías alternativas.,Protesta,-23.584956,-65.378625,10/5/2024
"Incendio forestal cerca de San Martín de los Andes, Neuquén: humo visible","Se reporta un foco de incendio en vegetación en inmediaciones de una escuela. Brigadistas trabajan para contenerlo. No acercarse a la zona y reportar nuevos focos. El humo puede afectar la visibilidad y la calidad del aire. Si tenés info actualizada, comentá para ayudar a otros.",Incendio forestal,-40.145704,-71.333755,12/6/2024
"Corte de luz en La Plata, Buenos Aires: cuadrillas revisan la red",Se registran interrupciones del servicio eléctrico en un área industrial. La empresa distribuidora indicó tareas de reparación. Se sugiere desconectar artefactos sensibles.,Corte de energía,-34.892817,-57.969733,1/31/2025
"Nevada en General Roca, Río Negro: rutas con baja adherencia",Se registran (esta tarde) nevadas en inmediaciones de una escuela. Puede haber hielo en calzada y reducción de visibilidad. Portar cadenas y consultar el estado de rutas antes de viajar. Se aconseja manejar con cadenas y luces bajas.,Nevada,-39.03795,-67.578101,2/13/2024
"Choque en Tafí del Valle, Tucumán: tránsito reducido",Testigos informan un accidente de tránsito en inmediaciones de una escuela. Se recomienda tomar desvíos y respetar indicaciones del personal en el lugar.,Accidente vial,-26.849429,-65.693177,5/26/2025
"Demoras en transporte en Rosario, Santa Fe","Usuarios informan demoras y cancelaciones en un corredor comercial. Se recomienda consultar estados oficiales y prever tiempos extra. Si tenés info actualizada, comentá para ayudar a otros.",Transporte,-32.926939,-60.637169,8/27/2024
"Corte parcial por protesta en Córdoba, Córdoba",Vecinos informan una manifestación cerca de un parque/plaza. Hay cortes parciales/total de calzada y demoras. Se recomienda usar vías alternativas.,Protesta,-31.414917,-64.218238,1/29/2025
"Demoras en transporte en Santa Fe, Santa Fe",Usuarios informan (en las últimas horas) demoras y cancelaciones en un puente/viaducto. Se recomienda consultar estados oficiales y prever tiempos extra.,Transporte,-31.632038,-60.714428,6/18/2025
"Deslizamiento de ladera en Caleta Olivia, Santa Cruz: precaución en accesos","Se reporta (al mediodía) un deslizamiento de tierra/rocas sobre un acceso principal. Puede haber calzada parcial o totalmente obstruida. Evitar transitar la zona hasta nuevo aviso. Si tenés info actualizada, comentá para ayudar a otros.",Deslizamiento,-46.421648,-67.540612,8/14/2025
"Demoras en transporte en San Francisco, Córdoba","Usuarios informan demoras y cancelaciones cerca de una estación de servicio. Se recomienda consultar estados oficiales y prever tiempos extra. Si tenés info actualizada, comentá para ayudar a otros.",Transporte,-31.428304,-62.060718,1/15/2025
"Corte de luz en Rosario, Santa Fe: cuadrillas revisan la red",Se registran (en las últimas horas) interrupciones del servicio eléctrico en un puente/viaducto. La empresa distribuidora indicó tareas de reparación. Se sugiere desconectar artefactos sensibles.,Corte de energía,-32.937772,-60.674855,7/28/2024
"Choque en San Clemente del Tuyú, Buenos Aires: tránsito reducido","Testigos informan un accidente de tránsito en un área industrial. Se recomienda tomar desvíos y respetar indicaciones del personal en el lugar. Si tenés info actualizada, comentá para ayudar a otros.",Accidente vial,-36.370111,-56.747274,4/2/2025
"Altas temperaturas en Resistencia, Chaco: alertan por golpe de calor","Se reportan temperaturas elevadas en la zona céntrica. Recomiendan hidratarse, evitar exposición al sol en horas pico y prestar atención a niños y adultos mayores. Protección Civil recomienda evitar actividad física al aire libre por la tarde. Si tenés info actualizada, comentá para ayudar a otros.",Ola de calor,-27.458708,-59.015049,2/5/2024
"Alerta por robos en Goya, Corrientes: piden reforzar cuidados",Se reportan hechos de inseguridad en un barrio residencial. Vecinos solicitan mayor presencia policial. Evitar exhibir objetos de valor y denunciar al 911.,Robo,-29.113671,-59.250117,4/2/2024
"Choque en Oberá, Misiones: tránsito reducido",Testigos informan un accidente de tránsito en un barrio residencial. Se recomienda tomar desvíos y respetar indicaciones del personal en el lugar.,Accidente vial,-27.493413,-55.122099,6/12/2024
"Ráfagas fuertes en San Carlos de Bariloche, Río Negro: caída de ramas y carteles",Se reportan ráfagas intensas en la zona céntrica. Hay ramas caídas y reducción de visibilidad en algunos tramos. Evitar circular bajo árboles y estructuras inestables.,Vientos fuertes,-41.159943,-71.30713,1/29/2024
"Deslizamiento de ladera en Ushuaia, Tierra del Fuego: precaución en accesos","Se reporta (esta mañana) un deslizamiento de tierra/rocas cerca de un parque/plaza. Puede haber calzada parcial o totalmente obstruida. Evitar transitar la zona hasta nuevo aviso. Si tenés info actualizada, comentá para ayudar a otros.",Deslizamiento,-54.775537,-68.292387,11/1/2024
"Atención: aumento de consultas respiratorias en Orán, Salta","Vecinos informan alta demanda en guardias en un barrio residencial. Se recomienda uso de barbijo en centros de salud si hay síntomas y ventilar ambientes. Si tenés info actualizada, comentá para ayudar a otros.",Salud,-23.144097,-64.330601,1/23/2025
"Ráfagas fuertes en Puerto Madryn, Chubut: caída de ramas y carteles","Se reportan ráfagas intensas en la zona céntrica. Hay ramas caídas y reducción de visibilidad en algunos tramos. Evitar circular bajo árboles y estructuras inestables. Si tenés info actualizada, comentá para ayudar a otros.",Vientos fuertes,-42.751269,-65.059083,8/13/2024
"Corte de luz en Puerto Iguazú, Misiones: cuadrillas revisan la red",Se registran interrupciones del servicio eléctrico cerca de un parque/plaza. La empresa distribuidora indicó tareas de reparación. Se sugiere desconectar artefactos sensibles.,Corte de energía,-25.605995,-54.602296,3/17/2024
"Ráfagas fuertes en Trelew, Chubut: caída de ramas y carteles","Se reportan ráfagas intensas cerca de un parque/plaza. Hay ramas caídas y reducción de visibilidad en algunos tramos. Evitar circular bajo árboles y estructuras inestables. Si tenés info actualizada, comentá para ayudar a otros.",Vientos fuertes,-43.258981,-65.290936,7/3/2024
"Choque en Belén, Catamarca: tránsito reducido",Testigos informan (esta noche) un accidente de tránsito cerca de un parque/plaza. Se recomienda tomar desvíos y respetar indicaciones del personal en el lugar.,Accidente vial,-27.671195,-67.056475,8/7/2025
"Ráfagas fuertes en San Martín de los Andes, Neuquén: caída de ramas y carteles","Se reportan (esta noche) ráfagas intensas en inmediaciones de una escuela. Hay ramas caídas y reducción de visibilidad en algunos tramos. Evitar circular bajo árboles y estructuras inestables. Si tenés info actualizada, comentá para ayudar a otros.",Vientos fuertes,-40.18105,-71.324683,2/28/2024
"Alerta por robos en Clorinda, Formosa: piden reforzar cuidados","Se reportan hechos de inseguridad en inmediaciones de una escuela. Vecinos solicitan mayor presencia policial. Evitar exhibir objetos de valor y denunciar al 911. Si tenés info actualizada, comentá para ayudar a otros.",Robo,-25.260758,-57.722076,9/24/2024
"Corte parcial por protesta en Paraná, Entre Ríos","Vecinos informan (esta tarde) una manifestación en inmediaciones de una escuela. Hay cortes parciales/total de calzada y demoras. Se recomienda usar vías alternativas. Si tenés info actualizada, comentá para ayudar a otros.",Protesta,-31.765539,-60.509111,3/28/2025
"Corte parcial por protesta en San Rafael, Mendoza","Vecinos informan una manifestación cerca de una estación de servicio. Hay cortes parciales/total de calzada y demoras. Se recomienda usar vías alternativas. Si tenés info actualizada, comentá para ayudar a otros.",Protesta,-34.591081,-68.342916,1/3/2025
"Incendio forestal cerca de Jesús María, Córdoba: humo visible",Se reporta (al mediodía) un foco de incendio en vegetación en inmediaciones de una escuela. Brigadistas trabajan para contenerlo. No acercarse a la zona y reportar nuevos focos. El humo puede afectar la visibilidad y la calidad del aire.,Incendio forestal,-30.980301,-64.110275,6/28/2024
"Calles anegadas en Rosario, Santa Fe tras lluvias intensas",Vecinos informan anegamientos y acumulación de agua en un área industrial. Hay demoras en el tránsito y se solicita circular con precaución. Algunos desagües se vieron superados por la intensidad de la lluvia.,Inundación,-32.963681,-60.672278,11/16/2025
"Altas temperaturas en Termas de Río Hondo, Santiago del Estero: alertan por golpe de calor","Se reportan temperaturas elevadas sobre un acceso principal. Recomiendan hidratarse, evitar exposición al sol en horas pico y prestar atención a niños y adultos mayores. Protección Civil recomienda evitar actividad física al aire libre por la tarde. Si tenés info actualizada, comentá para ayudar a otros.",Ola de calor,-27.492326,-64.838536,2/26/2024
"Incendio forestal cerca de San Martín de los Andes, Neuquén: humo visible","Se reporta un foco de incendio en vegetación cerca de un parque/plaza. Brigadistas trabajan para contenerlo. No acercarse a la zona y reportar nuevos focos. El humo puede afectar la visibilidad y la calidad del aire. Si tenés info actualizada, comentá para ayudar a otros.",Incendio forestal,-40.142121,-71.375403,11/12/2025
"Atención: aumento de consultas respiratorias en La Rioja, La Rioja","Vecinos informan alta demanda en guardias en un puente/viaducto. Se recomienda uso de barbijo en centros de salud si hay síntomas y ventilar ambientes. Si tenés info actualizada, comentá para ayudar a otros.",Salud,-29.408305,-66.834416,12/30/2024
"Incendio en Esquel, Chubut: bomberos trabajan en el lugar","Se reporta (esta tarde) un incendio en un barrio residencial. Bomberos y Defensa Civil acudieron al lugar. Se recomienda evitar la zona y no inhalar humo. Si tenés info actualizada, comentá para ayudar a otros.",Incendio,-42.896253,-71.296915,8/13/2025
"Calles anegadas en Avellaneda, Buenos Aires tras lluvias intensas","Vecinos informan (en las últimas horas) anegamientos y acumulación de agua cerca de un parque/plaza. Hay demoras en el tránsito y se solicita circular con precaución. Si tenés info actualizada, comentá para ayudar a otros.",Inundación,-34.683038,-58.381988,3/31/2024
"Choque en La Rioja, La Rioja: tránsito reducido","Testigos informan un accidente de tránsito en un barrio residencial. Se recomienda tomar desvíos y respetar indicaciones del personal en el lugar. Si tenés info actualizada, comentá para ayudar a otros.",Accidente vial,-29.385479,-66.884733,7/18/2024
"Sismo percibido en Tafí del Valle, Tucumán: sin daños reportados","Usuarios reportan un temblor en un corredor comercial. Por el momento no se informan daños. Mantener la calma y seguir recomendaciones de Defensa Civil. Se recomienda revisar instalaciones de gas y electricidad. Si tenés info actualizada, comentá para ayudar a otros.",Sismo,-26.861258,-65.734166,7/2/2024
"Alerta por robos en Posadas, Misiones: piden reforzar cuidados",Se reportan hechos de inseguridad cerca de un parque/plaza. Vecinos solicitan mayor presencia policial. Evitar exhibir objetos de valor y denunciar al 911.,Robo,-27.385498,-55.922707,5/20/2024
"Ráfagas fuertes en General Roca, Río Negro: caída de ramas y carteles",Se reportan ráfagas intensas cerca de una estación de servicio. Hay ramas caídas y reducción de visibilidad en algunos tramos. Evitar circular bajo árboles y estructuras inestables.,Vientos fuertes,-39.039503,-67.556408,1/19/2024
"Atención: aumento de consultas respiratorias en Caucete, San Juan","Vecinos informan alta demanda en guardias en un área industrial. Se recomienda uso de barbijo en centros de salud si hay síntomas y ventilar ambientes. Si tenés info actualizada, comentá para ayudar a otros.",Salud,-31.627922,-68.264386,12/12/2024
"Atención: aumento de consultas respiratorias en San Martín de los Andes, Neuquén",Vecinos informan alta demanda en guardias en la salida hacia la ruta. Se recomienda uso de barbijo en centros de salud si hay síntomas y ventilar ambientes.,Salud,-40.12875,-71.364162,2/14/2025
"Tormenta con granizo en Pergamino, Buenos Aires: daños en vehículos","Vecinos reportan caída de granizo en un corredor comercial. Se registran daños menores y demoras. Se recomienda resguardarse y conducir a baja velocidad. Si tenés info actualizada, comentá para ayudar a otros.",Granizo,-33.902795,-60.55137,11/10/2025
"Incendio en Tilcara, Jujuy: bomberos trabajan en el lugar","Se reporta (al mediodía) un incendio en un corredor comercial. Bomberos y Defensa Civil acudieron al lugar. Se recomienda evitar la zona y no inhalar humo. Si tenés info actualizada, comentá para ayudar a otros.",Incendio,-23.577814,-65.42455,5/22/2024
"Incendio en Goya, Corrientes: bomberos trabajan en el lugar","Se reporta un incendio en la zona céntrica. Bomberos y Defensa Civil acudieron al lugar. Se recomienda evitar la zona y no inhalar humo. Si tenés info actualizada, comentá para ayudar a otros.",Incendio,-29.153054,-59.251794,10/6/2024
"Demoras en transporte en San Nicolás, Buenos Aires","Usuarios informan demoras y cancelaciones en un barrio residencial. Se recomienda consultar estados oficiales y prever tiempos extra. Si tenés info actualizada, comentá para ayudar a otros.",Transporte,-33.338779,-60.183448,10/21/2024
"Choque en San Martín (Mza), Mendoza: tránsito reducido","Testigos informan un accidente de tránsito en un barrio residencial. Se recomienda tomar desvíos y respetar indicaciones del personal en el lugar. Si tenés info actualizada, comentá para ayudar a otros.",Accidente vial,-33.055737,-68.445915,3/27/2024
"Choque en Malargüe, Mendoza: tránsito reducido","Testigos informan (esta tarde) un accidente de tránsito cerca de un parque/plaza. Se recomienda tomar desvíos y respetar indicaciones del personal en el lugar. Si tenés info actualizada, comentá para ayudar a otros.",Accidente vial,-35.450565,-69.579659,10/7/2024
"Tormenta con granizo en Chilecito, La Rioja: daños en vehículos",Vecinos reportan caída de granizo cerca de un parque/plaza. Se registran daños menores y demoras. Se recomienda resguardarse y conducir a baja velocidad.,Granizo,-29.158479,-67.517928,1/10/2025
"Demoras en transporte en San Isidro, Buenos Aires","Usuarios informan (al mediodía) demoras y cancelaciones cerca de un parque/plaza. Se recomienda consultar estados oficiales y prever tiempos extra. Si tenés info actualizada, comentá para ayudar a otros.",Transporte,-34.48078,-58.547272,7/13/2025
"Incendio en Campana, Buenos Aires: bomberos trabajan en el lugar","Se reporta un incendio en un puente/viaducto. Bomberos y Defensa Civil acudieron al lugar. Se recomienda evitar la zona y no inhalar humo. Si tenés info actualizada, comentá para ayudar a otros.",Incendio,-34.171163,-58.969671,10/3/2024
"Incendio en Avellaneda, Buenos Aires: bomberos trabajan en el lugar","Se reporta (esta tarde) un incendio en la zona céntrica. Bomberos y Defensa Civil acudieron al lugar. Se recomienda evitar la zona y no inhalar humo. Si tenés info actualizada, comentá para ayudar a otros.",Incendio,-34.664701,-58.392879,2/1/2025
"Corte parcial por protesta en Tartagal, Salta","Vecinos informan una manifestación en un barrio residencial. Hay cortes parciales/total de calzada y demoras. Se recomienda usar vías alternativas. Si tenés info actualizada, comentá para ayudar a otros.",Protesta,-22.50574,-63.775263,3/2/2025
"Choque en Formosa, Formosa: tránsito reducido",Testigos informan (en las últimas horas) un accidente de tránsito en un área industrial. Se recomienda tomar desvíos y respetar indicaciones del personal en el lugar.,Accidente vial,-26.209497,-58.154024,5/1/2025
"Corte de luz en Jesús María, Córdoba: cuadrillas revisan la red","Se registran interrupciones del servicio eléctrico en la zona céntrica. La empresa distribuidora indicó tareas de reparación. Se sugiere desconectar artefactos sensibles. Si tenés info actualizada, comentá para ayudar a otros.",Corte de energía,-31.004553,-64.10025,8/8/2025
"Atención: aumento de consultas respiratorias en Rafaela, Santa Fe","Vecinos informan alta demanda en guardias en un área industrial. Se recomienda uso de barbijo en centros de salud si hay síntomas y ventilar ambientes. Si tenés info actualizada, comentá para ayudar a otros.",Salud,-31.241041,-61.503716,12/27/2024
"Alerta por robos en Campana, Buenos Aires: piden reforzar cuidados",Se reportan hechos de inseguridad en un corredor comercial. Vecinos solicitan mayor presencia policial. Evitar exhibir objetos de valor y denunciar al 911.,Robo,-34.190194,-58.944453,5/26/2025
"Corte de luz en San Isidro, Buenos Aires: cuadrillas revisan la red","Se registran (en las últimas horas) interrupciones del servicio eléctrico en un corredor comercial. La empresa distribuidora indicó tareas de reparación. Se sugiere desconectar artefactos sensibles. Si tenés info actualizada, comentá para ayudar a otros.",Corte de energía,-34.47818,-58.544684,12/4/2024
"Incendio forestal cerca de Comodoro Rivadavia, Chubut: humo visible",Se reporta un foco de incendio en vegetación sobre un acceso principal. Brigadistas trabajan para contenerlo. No acercarse a la zona y reportar nuevos focos. El humo puede afectar la visibilidad y la calidad del aire.,Incendio forestal,-45.836745,-67.525065,9/19/2024
"Alerta por robos en San Isidro, Buenos Aires: piden reforzar cuidados","Se reportan hechos de inseguridad en inmediaciones de una escuela. Vecinos solicitan mayor presencia policial. Evitar exhibir objetos de valor y denunciar al 911. Si tenés info actualizada, comentá para ayudar a otros.",Robo,-34.469753,-58.527564,12/2/2025
"Derrame de combustible en Gualeguaychú, Entre Ríos: calzada resbaladiza",Se reporta un derrame de combustible en la zona céntrica. Personal trabaja en la limpieza. Circular con extrema precaución y mantener distancia.,Derrame,-32.982526,-58.506611,6/21/2025
"Derrame de combustible en Jesús María, Córdoba: calzada resbaladiza","Se reporta un derrame de combustible en un corredor comercial. Personal trabaja en la limpieza. Circular con extrema precaución y mantener distancia. Si tenés info actualizada, comentá para ayudar a otros.",Derrame,-30.977157,-64.07131,3/7/2025
"Atención: aumento de consultas respiratorias en Orán, Salta",Vecinos informan alta demanda en guardias en un área industrial. Se recomienda uso de barbijo en centros de salud si hay síntomas y ventilar ambientes.,Salud,-23.126005,-64.308312,4/4/2024
"Tormenta con granizo en Junín, Buenos Aires: daños en vehículos",Vecinos reportan caída de granizo en un barrio residencial. Se registran daños menores y demoras. Se recomienda resguardarse y conducir a baja velocidad.,Granizo,-34.607169,-60.919629,12/7/2025
"Choque en Caucete, San Juan: tránsito reducido","Testigos informan un accidente de tránsito en un corredor comercial. Se recomienda tomar desvíos y respetar indicaciones del personal en el lugar. Si tenés info actualizada, comentá para ayudar a otros.",Accidente vial,-31.654107,-68.299714,7/5/2024
"Derrame de combustible en Concordia, Entre Ríos: calzada resbaladiza",Se reporta un derrame de combustible en un área industrial. Personal trabaja en la limpieza. Circular con extrema precaución y mantener distancia.,Derrame,-31.420261,-58.026215,1/3/2024
"Choque en Ciudad Autónoma de Buenos Aires, CABA: tránsito reducido",Testigos informan un accidente de tránsito en la salida hacia la ruta. Se recomienda tomar desvíos y respetar indicaciones del personal en el lugar.,Accidente vial,-34.593614,-58.399801,5/24/2025
"Altas temperaturas en Oberá, Misiones: alertan por golpe de calor","Se reportan (al mediodía) temperaturas elevadas en un corredor comercial. Recomiendan hidratarse, evitar exposición al sol en horas pico y prestar atención a niños y adultos mayores. Protección Civil recomienda evitar actividad física al aire libre por la tarde. Si tenés info actualizada, comentá para ayudar a otros.",Ola de calor,-27.492334,-55.14171,6/9/2024
"Incendio en Concordia, Entre Ríos: bomberos trabajan en el lugar","Se reporta un incendio en un barrio residencial. Bomberos y Defensa Civil acudieron al lugar. Se recomienda evitar la zona y no inhalar humo. Si tenés info actualizada, comentá para ayudar a otros.",Incendio,-31.393374,-58.022849,3/16/2025
"Atención: aumento de consultas respiratorias en La Plata, Buenos Aires","Vecinos informan alta demanda en guardias en un área industrial. Se recomienda uso de barbijo en centros de salud si hay síntomas y ventilar ambientes. Si tenés info actualizada, comentá para ayudar a otros.",Salud,-34.930169,-57.974335,9/30/2024
"Incendio en Termas de Río Hondo, Santiago del Estero: bomberos trabajan en el lugar","Se reporta un incendio en un puente/viaducto. Bomberos y Defensa Civil acudieron al lugar. Se recomienda evitar la zona y no inhalar humo. Si tenés info actualizada, comentá para ayudar a otros.",Incendio,-27.522327,-64.875797,2/9/2025
"Incendio en Orán, Salta: bomberos trabajan en el lugar","Se reporta (al mediodía) un incendio en un área industrial. Bomberos y Defensa Civil acudieron al lugar. Se recomienda evitar la zona y no inhalar humo. Si tenés info actualizada, comentá para ayudar a otros.",Incendio,-23.111651,-64.301817,11/18/2024
"Derrame de combustible en San Isidro, Buenos Aires: calzada resbaladiza","Se reporta un derrame de combustible en un área industrial. Personal trabaja en la limpieza. Circular con extrema precaución y mantener distancia. Si tenés info actualizada, comentá para ayudar a otros.",Derrame,-34.442028,-58.554548,11/24/2025
"Nevada en San Carlos de Bariloche, Río Negro: rutas con baja adherencia","Se registran nevadas en inmediaciones de una escuela. Puede haber hielo en calzada y reducción de visibilidad. Portar cadenas y consultar el estado de rutas antes de viajar. Se aconseja manejar con cadenas y luces bajas. Si tenés info actualizada, comentá para ayudar a otros.",Nevada,-41.162154,-71.288207,3/30/2024
"Sismo percibido en Tartagal, Salta: sin daños reportados","Usuarios reportan un temblor cerca de una estación de servicio. Por el momento no se informan daños. Mantener la calma y seguir recomendaciones de Defensa Civil. Se recomienda revisar instalaciones de gas y electricidad. Si tenés info actualizada, comentá para ayudar a otros.",Sismo,-22.522638,-63.809524,12/9/2024
"Nevada en San Martín de los Andes, Neuquén: rutas con baja adherencia",Se registran nevadas en un barrio residencial. Puede haber hielo en calzada y reducción de visibilidad. Portar cadenas y consultar el estado de rutas antes de viajar. Se aconseja manejar con cadenas y luces bajas.,Nevada,-40.13312,-71.35017,1/31/2025
"Tormenta con granizo en Quilmes, Buenos Aires: daños en vehículos","Vecinos reportan caída de granizo sobre un acceso principal. Se registran daños menores y demoras. Se recomienda resguardarse y conducir a baja velocidad. Si tenés info actualizada, comentá para ayudar a otros. (esta mañana).",Granizo,-34.733715,-58.273346,5/12/2024
"Alerta por robos en Santa Rosa, La Pampa: piden reforzar cuidados",Se reportan hechos de inseguridad cerca de una estación de servicio. Vecinos solicitan mayor presencia policial. Evitar exhibir objetos de valor y denunciar al 911.,Robo,-36.602604,-64.306189,1/11/2025
"Corte parcial por protesta en San Francisco, Córdoba","Vecinos informan una manifestación en un área industrial. Hay cortes parciales/total de calzada y demoras. Se recomienda usar vías alternativas. Si tenés info actualizada, comentá para ayudar a otros.",Protesta,-31.42761,-62.099064,4/8/2025
"Deslizamiento de ladera en Ushuaia, Tierra del Fuego: precaución en accesos",Se reporta un deslizamiento de tierra/rocas cerca de un parque/plaza. Puede haber calzada parcial o totalmente obstruida. Evitar transitar la zona hasta nuevo aviso.,Deslizamiento,-54.817125,-68.296508,8/5/2024
"Incendio en Río Grande, Tierra del Fuego: bomberos trabajan en el lugar",Se reporta un incendio en un corredor comercial. Bomberos y Defensa Civil acudieron al lugar. Se recomienda evitar la zona y no inhalar humo.,Incendio,-53.771111,-67.739277,8/4/2025
"Derrame de combustible en La Plata, Buenos Aires: calzada resbaladiza",Se reporta un derrame de combustible en un barrio residencial. Personal trabaja en la limpieza. Circular con extrema precaución y mantener distancia.,Derrame,-34.937506,-57.973201,4/21/2024
"Atención: aumento de consultas respiratorias en Tilcara, Jujuy",Vecinos informan (esta tarde) alta demanda en guardias en un corredor comercial. Se recomienda uso de barbijo en centros de salud si hay síntomas y ventilar ambientes.,Salud,-23.602824,-65.408486,2/12/2025
"Alerta por robos en San Francisco, Córdoba: piden reforzar cuidados",Se reportan (esta tarde) hechos de inseguridad cerca de una estación de servicio. Vecinos solicitan mayor presencia policial. Evitar exhibir objetos de valor y denunciar al 911.,Robo,-31.417123,-62.072883,12/25/2024
"Atención: aumento de consultas respiratorias en Bahía Blanca, Buenos Aires","Vecinos informan alta demanda en guardias cerca de un parque/plaza. Se recomienda uso de barbijo en centros de salud si hay síntomas y ventilar ambientes. Si tenés info actualizada, comentá para ayudar a otros.",Salud,-38.728473,-62.26467,7/5/2024
"Demoras en transporte en Santa Rosa, La Pampa",Usuarios informan (esta mañana) demoras y cancelaciones sobre un acceso principal. Se recomienda consultar estados oficiales y prever tiempos extra.,Transporte,-36.613788,-64.294758,11/6/2024
"Alerta por robos en Tandil, Buenos Aires: piden reforzar cuidados",Se reportan hechos de inseguridad en inmediaciones de una escuela. Vecinos solicitan mayor presencia policial. Evitar exhibir objetos de valor y denunciar al 911.,Robo,-37.324927,-59.153041,5/24/2025
"Nevada en Río Gallegos, Santa Cruz: rutas con baja adherencia","Se registran (esta tarde) nevadas en un área industrial. Puede haber hielo en calzada y reducción de visibilidad. Portar cadenas y consultar el estado de rutas antes de viajar. Se aconseja manejar con cadenas y luces bajas. Si tenés info actualizada, comentá para ayudar a otros.",Nevada,-51.598936,-69.194293,8/22/2025
"Atención: aumento de consultas respiratorias en Comodoro Rivadavia, Chubut","Vecinos informan (esta tarde) alta demanda en guardias en un barrio residencial. Se recomienda uso de barbijo en centros de salud si hay síntomas y ventilar ambientes. Si tenés info actualizada, comentá para ayudar a otros.",Salud,-45.849129,-67.521432,12/12/2025
"Incendio forestal cerca de San Carlos de Bariloche, Río Negro: humo visible","Se reporta un foco de incendio en vegetación en un corredor comercial. Brigadistas trabajan para contenerlo. No acercarse a la zona y reportar nuevos focos. El humo puede afectar la visibilidad y la calidad del aire. Si tenés info actualizada, comentá para ayudar a otros.",Incendio forestal,-41.138061,-71.284487,12/9/2025
"Incendio en Río Grande, Tierra del Fuego: bomberos trabajan en el lugar","Se reporta un incendio sobre un acceso principal. Bomberos y Defensa Civil acudieron al lugar. Se recomienda evitar la zona y no inhalar humo. Si tenés info actualizada, comentá para ayudar a otros.",Incendio,-53.761312,-67.733341,7/12/2024
"Ráfagas fuertes en Ushuaia, Tierra del Fuego: caída de ramas y carteles","Se reportan ráfagas intensas en un corredor comercial. Hay ramas caídas y reducción de visibilidad en algunos tramos. Evitar circular bajo árboles y estructuras inestables. Si tenés info actualizada, comentá para ayudar a otros.",Vientos fuertes,-54.81774,-68.317383,3/1/2024
"Sismo percibido en San Martín (Mza), Mendoza: sin daños reportados","Usuarios reportan un temblor en un barrio residencial. Por el momento no se informan daños. Mantener la calma y seguir recomendaciones de Defensa Civil. En la región suele registrarse actividad sísmica moderada. Si tenés info actualizada, comentá para ayudar a otros. (al mediodía).",Sismo,-33.069826,-68.470813,5/9/2025
"Alerta por robos en Ciudad Autónoma de Buenos Aires, CABA: piden reforzar cuidados","Se reportan hechos de inseguridad cerca de un parque/plaza. Vecinos solicitan mayor presencia policial. Evitar exhibir objetos de valor y denunciar al 911. Si tenés info actualizada, comentá para ayudar a otros.",Robo,-34.591817,-58.403596,5/25/2024
"Incendio forestal cerca de Puerto Madryn, Chubut: humo visible","Se reporta un foco de incendio en vegetación en un barrio residencial. Brigadistas trabajan para contenerlo. No acercarse a la zona y reportar nuevos focos. El humo puede afectar la visibilidad y la calidad del aire. Si tenés info actualizada, comentá para ayudar a otros.",Incendio forestal,-42.789047,-65.028508,9/5/2025
"Corte de luz en San Luis, San Luis: cuadrillas revisan la red","Se registran interrupciones del servicio eléctrico en inmediaciones de una escuela. La empresa distribuidora indicó tareas de reparación. Se sugiere desconectar artefactos sensibles. Si tenés info actualizada, comentá para ayudar a otros.",Corte de energía,-33.329096,-66.314051,11/7/2024
"Corte parcial por protesta en Luján, Buenos Aires","Vecinos informan una manifestación en un barrio residencial. Hay cortes parciales/total de calzada y demoras. Se recomienda usar vías alternativas. Si tenés info actualizada, comentá para ayudar a otros.",Protesta,-34.566149,-59.11773,7/24/2025
"Corte parcial por protesta en La Plata, Buenos Aires","Vecinos informan una manifestación cerca de un parque/plaza. Hay cortes parciales/total de calzada y demoras. Se recomienda usar vías alternativas. Si tenés info actualizada, comentá para ayudar a otros.",Protesta,-34.892587,-57.950681,4/21/2024
"Derrame de combustible en Villa Mercedes, San Luis: calzada resbaladiza",Se reporta (esta tarde) un derrame de combustible sobre un acceso principal. Personal trabaja en la limpieza. Circular con extrema precaución y mantener distancia.,Derrame,-33.650527,-65.44913,10/4/2025
"Incendio en Comodoro Rivadavia, Chubut: bomberos trabajan en el lugar",Se reporta (esta noche) un incendio cerca de una estación de servicio. Bomberos y Defensa Civil acudieron al lugar. Se recomienda evitar la zona y no inhalar humo.,Incendio,-45.843725,-67.508821,7/9/2024
"Incendio en Santiago del Estero, Santiago del Estero: bomberos trabajan en el lugar",Se reporta (al mediodía) un incendio en inmediaciones de una escuela. Bomberos y Defensa Civil acudieron al lugar. Se recomienda evitar la zona y no inhalar humo.,Incendio,-27.786262,-64.270125,8/23/2024
"Altas temperaturas en Belén, Catamarca: alertan por golpe de calor","Se reportan (en las últimas horas) temperaturas elevadas en inmediaciones de una escuela. Recomiendan hidratarse, evitar exposición al sol en horas pico y prestar atención a niños y adultos mayores. Protección Civil recomienda evitar actividad física al aire libre por la tarde. Si tenés info actualizada, comentá para ayudar a otros.",Ola de calor,-27.637833,-67.002735,2/16/2025
"Nevada en Neuquén, Neuquén: rutas con baja adherencia","Se registran (esta tarde) nevadas en la salida hacia la ruta. Puede haber hielo en calzada y reducción de visibilidad. Portar cadenas y consultar el estado de rutas antes de viajar. Se aconseja manejar con cadenas y luces bajas. Si tenés info actualizada, comentá para ayudar a otros.",Nevada,-38.945442,-68.05151,5/25/2024
"Choque en San Salvador de Jujuy, Jujuy: tránsito reducido",Testigos informan un accidente de tránsito cerca de un parque/plaza. Se recomienda tomar desvíos y respetar indicaciones del personal en el lugar.,Accidente vial,-24.157058,-65.27846,5/5/2025
"Incendio en Puerto Iguazú, Misiones: bomberos trabajan en el lugar",Se reporta un incendio en la zona céntrica. Bomberos y Defensa Civil acudieron al lugar. Se recomienda evitar la zona y no inhalar humo.,Incendio,-25.581885,-54.578073,10/17/2024
"Atención: aumento de consultas respiratorias en Río Grande, Tierra del Fuego",Vecinos informan (esta mañana) alta demanda en guardias en la salida hacia la ruta. Se recomienda uso de barbijo en centros de salud si hay síntomas y ventilar ambientes.,Salud,-53.777034,-67.691436,6/17/2024
"Corte parcial por protesta en Ciudad Autónoma de Buenos Aires, CABA",Vecinos informan una manifestación en un área industrial. Hay cortes parciales/total de calzada y demoras. Se recomienda usar vías alternativas.,Protesta,-34.60557,-58.379037,6/13/2025
"Choque en Malargüe, Mendoza: tránsito reducido",Testigos informan un accidente de tránsito en la salida hacia la ruta. Se recomienda tomar desvíos y respetar indicaciones del personal en el lugar.,Accidente vial,-35.456831,-69.610699,11/23/2025
"Demoras en transporte en San Isidro, Buenos Aires","Usuarios informan demoras y cancelaciones en un área industrial. Se recomienda consultar estados oficiales y prever tiempos extra. Si tenés info actualizada, comentá para ayudar a otros.",Transporte,-34.46141,-58.550389,12/17/2024
"Incendio forestal cerca de San Juan, San Juan: humo visible",Se reporta (en las últimas horas) un foco de incendio en vegetación cerca de un parque/plaza. Brigadistas trabajan para contenerlo. No acercarse a la zona y reportar nuevos focos.,Incendio forestal,-31.545179,-68.531554,3/2/2025
"Deslizamiento de ladera en Puerto Madryn, Chubut: precaución en accesos","Se reporta (al mediodía) un deslizamiento de tierra/rocas cerca de un parque/plaza. Puede haber calzada parcial o totalmente obstruida. Evitar transitar la zona hasta nuevo aviso. Si tenés info actualizada, comentá para ayudar a otros.",Deslizamiento,-42.741088,-65.056331,4/24/2024
"Choque en Paraná, Entre Ríos: tránsito reducido",Testigos informan un accidente de tránsito en un corredor comercial. Se recomienda tomar desvíos y respetar indicaciones del personal en el lugar.,Accidente vial,-31.760581,-60.520011,7/8/2025
"Deslizamiento de ladera en Río Grande, Tierra del Fuego: precaución en accesos","Se reporta un deslizamiento de tierra/rocas en un área industrial. Puede haber calzada parcial o totalmente obstruida. Evitar transitar la zona hasta nuevo aviso. Si tenés info actualizada, comentá para ayudar a otros.",Deslizamiento,-53.812592,-67.714628,5/30/2025
"Demoras en transporte en Corrientes, Corrientes","Usuarios informan demoras y cancelaciones en un barrio residencial. Se recomienda consultar estados oficiales y prever tiempos extra. Si tenés info actualizada, comentá para ayudar a otros.",Transporte,-27.466542,-58.802522,7/15/2024
"Corte de luz en Santa Fe, Santa Fe: cuadrillas revisan la red",Se registran (al mediodía) interrupciones del servicio eléctrico en un puente/viaducto. La empresa distribuidora indicó tareas de reparación. Se sugiere desconectar artefactos sensibles.,Corte de energía,-31.660467,-60.727496,8/31/2025
"Calles anegadas en San Isidro, Buenos Aires tras lluvias intensas","Vecinos informan anegamientos y acumulación de agua cerca de una estación de servicio. Hay demoras en el tránsito y se solicita circular con precaución. Si tenés info actualizada, comentá para ayudar a otros.",Inundación,-34.46353,-58.506272,7/30/2025
"Altas temperaturas en Santiago del Estero, Santiago del Estero: alertan por golpe de calor","Se reportan temperaturas elevadas en un puente/viaducto. Recomiendan hidratarse, evitar exposición al sol en horas pico y prestar atención a niños y adultos mayores. Protección Civil recomienda evitar actividad física al aire libre por la tarde.",Ola de calor,-27.824401,-64.276163,9/2/2024
"Incendio forestal cerca de Cutral Có, Neuquén: humo visible","Se reporta un foco de incendio en vegetación cerca de un parque/plaza. Brigadistas trabajan para contenerlo. No acercarse a la zona y reportar nuevos focos. El humo puede afectar la visibilidad y la calidad del aire. Si tenés info actualizada, comentá para ayudar a otros.",Incendio forestal,-38.962221,-69.22837,9/9/2025
"Incendio forestal cerca de Comodoro Rivadavia, Chubut: humo visible","Se reporta un foco de incendio en vegetación en un puente/viaducto. Brigadistas trabajan para contenerlo. No acercarse a la zona y reportar nuevos focos. El humo puede afectar la visibilidad y la calidad del aire. Si tenés info actualizada, comentá para ayudar a otros.",Incendio forestal,-45.84381,-67.491718,4/26/2024
"Incendio en San Clemente del Tuyú, Buenos Aires: bomberos trabajan en el lugar",Se reporta (en las últimas horas) un incendio en un barrio residencial. Bomberos y Defensa Civil acudieron al lugar. Se recomienda evitar la zona y no inhalar humo.,Incendio,-36.331034,-56.700675,11/16/2025
"Deslizamiento de ladera en Río Gallegos, Santa Cruz: precaución en accesos",Se reporta (esta tarde) un deslizamiento de tierra/rocas en inmediaciones de una escuela. Puede haber calzada parcial o totalmente obstruida. Evitar transitar la zona hasta nuevo aviso.,Deslizamiento,-51.593331,-69.21757,5/10/2025
"Calles anegadas en San Nicolás, Buenos Aires tras lluvias intensas",Vecinos informan anegamientos y acumulación de agua cerca de una estación de servicio. Hay demoras en el tránsito y se solicita circular con precaución.,Inundación,-33.328802,-60.189922,6/11/2024
"Ráfagas fuertes en Campana, Buenos Aires: caída de ramas y carteles","Se reportan ráfagas intensas en un área industrial. Hay ramas caídas y reducción de visibilidad en algunos tramos. Evitar circular bajo árboles y estructuras inestables. Si tenés info actualizada, comentá para ayudar a otros.",Vientos fuertes,-34.158904,-58.970525,5/14/2024
"Ráfagas fuertes en Tandil, Buenos Aires: caída de ramas y carteles",Se reportan ráfagas intensas cerca de una estación de servicio. Hay ramas caídas y reducción de visibilidad en algunos tramos. Evitar circular bajo árboles y estructuras inestables.,Vientos fuertes,-37.338918,-59.138596,12/28/2024
"Deslizamiento de ladera en San Martín de los Andes, Neuquén: precaución en accesos","Se reporta (esta noche) un deslizamiento de tierra/rocas cerca de un parque/plaza. Puede haber calzada parcial o totalmente obstruida. Evitar transitar la zona hasta nuevo aviso. Si tenés info actualizada, comentá para ayudar a otros.",Deslizamiento,-40.135323,-71.34688,10/8/2025
"Derrame de combustible en Santa Rosa, La Pampa: calzada resbaladiza","Se reporta un derrame de combustible en inmediaciones de una escuela. Personal trabaja en la limpieza. Circular con extrema precaución y mantener distancia. Si tenés info actualizada, comentá para ayudar a otros.",Derrame,-36.62889,-64.286188,8/21/2025
"Calles anegadas en Clorinda, Formosa tras lluvias intensas",Vecinos informan anegamientos y acumulación de agua sobre un acceso principal. Hay demoras en el tránsito y se solicita circular con precaución. Algunos desagües se vieron superados por la intensidad de la lluvia.,Inundación,-25.280923,-57.726225,10/15/2024
"Corte parcial por protesta en San Miguel de Tucumán, Tucumán","Vecinos informan una manifestación en un barrio residencial. Hay cortes parciales/total de calzada y demoras. Se recomienda usar vías alternativas. Si tenés info actualizada, comentá para ayudar a otros.",Protesta,-26.793928,-65.217066,10/12/2025
"Corte parcial por protesta en Belén, Catamarca","Vecinos informan una manifestación en la salida hacia la ruta. Hay cortes parciales/total de calzada y demoras. Se recomienda usar vías alternativas. Si tenés info actualizada, comentá para ayudar a otros.",Protesta,-27.645695,-67.00498,5/8/2025
"Ráfagas fuertes en Comodoro Rivadavia, Chubut: caída de ramas y carteles","Se reportan (esta noche) ráfagas intensas en un puente/viaducto. Hay ramas caídas y reducción de visibilidad en algunos tramos. Evitar circular bajo árboles y estructuras inestables. Si tenés info actualizada, comentá para ayudar a otros.",Vientos fuertes,-45.869801,-67.502836,11/5/2024
"Choque en Villa Carlos Paz, Córdoba: tránsito reducido",Testigos informan (en las últimas horas) un accidente de tránsito en inmediaciones de una escuela. Se recomienda tomar desvíos y respetar indicaciones del personal en el lugar.,Accidente vial,-31.419924,-64.471554,12/14/2024
"Incendio en Termas de Río Hondo, Santiago del Estero: bomberos trabajan en el lugar","Se reporta un incendio en un área industrial. Bomberos y Defensa Civil acudieron al lugar. Se recomienda evitar la zona y no inhalar humo. Si tenés info actualizada, comentá para ayudar a otros.",Incendio,-27.464252,-64.867581,12/7/2025
"Corte de luz en San Clemente del Tuyú, Buenos Aires: cuadrillas revisan la red","Se registran (esta mañana) interrupciones del servicio eléctrico cerca de una estación de servicio. La empresa distribuidora indicó tareas de reparación. Se sugiere desconectar artefactos sensibles. Si tenés info actualizada, comentá para ayudar a otros.",Corte de energía,-36.34139,-56.715513,8/30/2024
"Incendio en Neuquén, Neuquén: bomberos trabajan en el lugar","Se reporta un incendio en la salida hacia la ruta. Bomberos y Defensa Civil acudieron al lugar. Se recomienda evitar la zona y no inhalar humo. Si tenés info actualizada, comentá para ayudar a otros.",Incendio,-38.964642,-68.058985,4/11/2024
"Choque en Córdoba, Córdoba: tránsito reducido","Testigos informan (en las últimas horas) un accidente de tránsito en un área industrial. Se recomienda tomar desvíos y respetar indicaciones del personal en el lugar. Si tenés info actualizada, comentá para ayudar a otros.",Accidente vial,-31.42963,-64.2106,7/11/2024
"Atención: aumento de consultas respiratorias en La Plata, Buenos Aires",Vecinos informan (esta tarde) alta demanda en guardias en un puente/viaducto. Se recomienda uso de barbijo en centros de salud si hay síntomas y ventilar ambientes.,Salud,-34.899336,-57.982875,5/12/2025
"Choque en San Rafael, Mendoza: tránsito reducido",Testigos informan un accidente de tránsito en la zona céntrica. Se recomienda tomar desvíos y respetar indicaciones del personal en el lugar.,Accidente vial,-34.642468,-68.323332,5/21/2025
"Nevada en Río Gallegos, Santa Cruz: rutas con baja adherencia","Se registran (esta tarde) nevadas en la zona céntrica. Puede haber hielo en calzada y reducción de visibilidad. Portar cadenas y consultar el estado de rutas antes de viajar. Se aconseja manejar con cadenas y luces bajas. Si tenés info actualizada, comentá para ayudar a otros.",Nevada,-51.649639,-69.209962,12/3/2024
"Calles anegadas en Mar del Plata, Buenos Aires tras lluvias intensas","Vecinos informan anegamientos y acumulación de agua sobre un acceso principal. Hay demoras en el tránsito y se solicita circular con precaución. Si tenés info actualizada, comentá para ayudar a otros.",Inundación,-38.030108,-57.523759,3/9/2025
"Corte de luz en Clorinda, Formosa: cuadrillas revisan la red",Se registran (en las últimas horas) interrupciones del servicio eléctrico en un área industrial. La empresa distribuidora indicó tareas de reparación. Se sugiere desconectar artefactos sensibles.,Corte de energía,-25.30353,-57.705314,2/2/2024
"Corte parcial por protesta en Belén, Catamarca",Vecinos informan una manifestación cerca de un parque/plaza. Hay cortes parciales/total de calzada y demoras. Se recomienda usar vías alternativas.,Protesta,-27.654222,-67.041564,9/15/2024
"Incendio en Necochea, Buenos Aires: bomberos trabajan en el lugar","Se reporta un incendio en un puente/viaducto. Bomberos y Defensa Civil acudieron al lugar. Se recomienda evitar la zona y no inhalar humo. Si tenés info actualizada, comentá para ayudar a otros.",Incendio,-38.550949,-58.707255,1/29/2024
"Incendio en Posadas, Misiones: bomberos trabajan en el lugar","Se reporta un incendio en un corredor comercial. Bomberos y Defensa Civil acudieron al lugar. Se recomienda evitar la zona y no inhalar humo. Si tenés info actualizada, comentá para ayudar a otros.",Incendio,-27.381191,-55.873615,1/9/2025
"Atención: aumento de consultas respiratorias en San Fernando del Valle de Catamarca, Catamarca","Vecinos informan alta demanda en guardias cerca de una estación de servicio. Se recomienda uso de barbijo en centros de salud si hay síntomas y ventilar ambientes. Si tenés info actualizada, comentá para ayudar a otros.",Salud,-28.457022,-65.788707,5/25/2025
"Corte parcial por protesta en Zárate, Buenos Aires","Vecinos informan una manifestación sobre un acceso principal. Hay cortes parciales/total de calzada y demoras. Se recomienda usar vías alternativas. Si tenés info actualizada, comentá para ayudar a otros.",Protesta,-34.125032,-59.014597,3/8/2024
"Incendio en San Martín (Mza), Mendoza: bomberos trabajan en el lugar",Se reporta un incendio sobre un acceso principal. Bomberos y Defensa Civil acudieron al lugar. Se recomienda evitar la zona y no inhalar humo.,Incendio,-33.055852,-68.443303,10/4/2025
"Choque en Bahía Blanca, Buenos Aires: tránsito reducido","Testigos informan un accidente de tránsito en la zona céntrica. Se recomienda tomar desvíos y respetar indicaciones del personal en el lugar. Si tenés info actualizada, comentá para ayudar a otros.",Accidente vial,-38.735717,-62.290208,3/11/2025
"Corte parcial por protesta en San Isidro, Buenos Aires",Vecinos informan una manifestación sobre un acceso principal. Hay cortes parciales/total de calzada y demoras. Se recomienda usar vías alternativas.,Protesta,-34.472158,-58.502567,9/30/2024
"Choque en San Isidro, Buenos Aires: tránsito reducido","Testigos informan un accidente de tránsito en un barrio residencial. Se recomienda tomar desvíos y respetar indicaciones del personal en el lugar. Si tenés info actualizada, comentá para ayudar a otros.",Accidente vial,-34.447342,-58.548904,11/30/2025
"Choque en Presidencia Roque Sáenz Peña, Chaco: tránsito reducido","Testigos informan un accidente de tránsito en un área industrial. Se recomienda tomar desvíos y respetar indicaciones del personal en el lugar. Si tenés info actualizada, comentá para ayudar a otros.",Accidente vial,-26.764119,-60.42467,2/17/2024
"Sismo percibido en La Rioja, La Rioja: sin daños reportados",Usuarios reportan un temblor cerca de una estación de servicio. Por el momento no se informan daños. Mantener la calma y seguir recomendaciones de Defensa Civil. Se recomienda revisar instalaciones de gas y electricidad. (esta mañana).,Sismo,-29.394499,-66.876784,1/10/2024
"Deslizamiento de ladera en Salta, Salta: precaución en accesos","Se reporta (esta noche) un deslizamiento de tierra/rocas en un puente/viaducto. Puede haber calzada parcial o totalmente obstruida. Evitar transitar la zona hasta nuevo aviso. Si tenés info actualizada, comentá para ayudar a otros.",Deslizamiento,-24.806686,-65.432828,11/12/2025
"Incendio en San Martín de los Andes, Neuquén: bomberos trabajan en el lugar","Se reporta un incendio en un área industrial. Bomberos y Defensa Civil acudieron al lugar. Se recomienda evitar la zona y no inhalar humo. Si tenés info actualizada, comentá para ayudar a otros.",Incendio,-40.146533,-71.381128,5/31/2025
"Sismo percibido en Tafí del Valle, Tucumán: sin daños reportados",Usuarios reportan un temblor en un barrio residencial. Por el momento no se informan daños. Mantener la calma y seguir recomendaciones de Defensa Civil. Se recomienda revisar instalaciones de gas y electricidad. (esta tarde).,Sismo,-26.878427,-65.733179,5/14/2025
"Incendio en Jáchal, San Juan: bomberos trabajan en el lugar","Se reporta un incendio cerca de una estación de servicio. Bomberos y Defensa Civil acudieron al lugar. Se recomienda evitar la zona y no inhalar humo. Si tenés info actualizada, comentá para ayudar a otros.",Incendio,-30.231708,-68.743969,4/25/2024
"Incendio en Viedma, Río Negro: bomberos trabajan en el lugar",Se reporta un incendio en un puente/viaducto. Bomberos y Defensa Civil acudieron al lugar. Se recomienda evitar la zona y no inhalar humo.,Incendio,-40.785176,-63.013262,3/15/2024
"Choque en La Plata, Buenos Aires: tránsito reducido","Testigos informan (en las últimas horas) un accidente de tránsito en inmediaciones de una escuela. Se recomienda tomar desvíos y respetar indicaciones del personal en el lugar. Si tenés info actualizada, comentá para ayudar a otros.",Accidente vial,-34.948529,-57.937129,1/6/2025
"Atención: aumento de consultas respiratorias en Trelew, Chubut",Vecinos informan alta demanda en guardias en la zona céntrica. Se recomienda uso de barbijo en centros de salud si hay síntomas y ventilar ambientes.,Salud,-43.245971,-65.293683,10/2/2024
"Alerta por robos en Junín, Buenos Aires: piden reforzar cuidados","Se reportan (esta noche) hechos de inseguridad en la salida hacia la ruta. Vecinos solicitan mayor presencia policial. Evitar exhibir objetos de valor y denunciar al 911. Si tenés info actualizada, comentá para ayudar a otros.",Robo,-34.560899,-60.925075,10/12/2025
"Incendio forestal cerca de Caleta Olivia, Santa Cruz: humo visible",Se reporta un foco de incendio en vegetación en un área industrial. Brigadistas trabajan para contenerlo. No acercarse a la zona y reportar nuevos focos.,Incendio forestal,-46.420467,-67.518194,3/29/2024
"Incendio en San Nicolás, Buenos Aires: bomberos trabajan en el lugar",Se reporta (esta noche) un incendio en la salida hacia la ruta. Bomberos y Defensa Civil acudieron al lugar. Se recomienda evitar la zona y no inhalar humo.,Incendio,-33.331863,-60.221563,8/14/2025
"Choque en Necochea, Buenos Aires: tránsito reducido",Testigos informan un accidente de tránsito en un puente/viaducto. Se recomienda tomar desvíos y respetar indicaciones del personal en el lugar.,Accidente vial,-38.560934,-58.728229,1/22/2025
"Alerta por robos en Campana, Buenos Aires: piden reforzar cuidados",Se reportan hechos de inseguridad en inmediaciones de una escuela. Vecinos solicitan mayor presencia policial. Evitar exhibir objetos de valor y denunciar al 911.,Robo,-34.171272,-58.951466,7/10/2025
"Incendio forestal cerca de Ushuaia, Tierra del Fuego: humo visible",Se reporta (en las últimas horas) un foco de incendio en vegetación cerca de un parque/plaza. Brigadistas trabajan para contenerlo. No acercarse a la zona y reportar nuevos focos.,Incendio forestal,-54.803303,-68.319727,5/25/2024
"Deslizamiento de ladera en Tilcara, Jujuy: precaución en accesos","Se reporta un deslizamiento de tierra/rocas sobre un acceso principal. Puede haber calzada parcial o totalmente obstruida. Evitar transitar la zona hasta nuevo aviso. Si tenés info actualizada, comentá para ayudar a otros.",Deslizamiento,-23.593781,-65.415459,11/8/2025
"Tormenta con granizo en Tandil, Buenos Aires: daños en vehículos","Vecinos reportan caída de granizo en la salida hacia la ruta. Se registran daños menores y demoras. Se recomienda resguardarse y conducir a baja velocidad. Si tenés info actualizada, comentá para ayudar a otros.",Granizo,-37.333116,-59.142098,9/14/2024
"Altas temperaturas en Tilcara, Jujuy: alertan por golpe de calor","Se reportan temperaturas elevadas en un corredor comercial. Recomiendan hidratarse, evitar exposición al sol en horas pico y prestar atención a niños y adultos mayores. Protección Civil recomienda evitar actividad física al aire libre por la tarde. Si tenés info actualizada, comentá para ayudar a otros.",Ola de calor,-23.60282,-65.402067,4/1/2025
"Alerta por robos en Presidencia Roque Sáenz Peña, Chaco: piden reforzar cuidados",Se reportan (al mediodía) hechos de inseguridad cerca de una estación de servicio. Vecinos solicitan mayor presencia policial. Evitar exhibir objetos de valor y denunciar al 911.,Robo,-26.793184,-60.437558,8/31/2024
"Incendio forestal cerca de Esquel, Chubut: humo visible","Se reporta un foco de incendio en vegetación en la salida hacia la ruta. Brigadistas trabajan para contenerlo. No acercarse a la zona y reportar nuevos focos. El humo puede afectar la visibilidad y la calidad del aire. Si tenés info actualizada, comentá para ayudar a otros.",Incendio forestal,-42.942952,-71.33342,8/27/2025
"Tormenta con granizo en Chilecito, La Rioja: daños en vehículos","Vecinos reportan caída de granizo en un puente/viaducto. Se registran daños menores y demoras. Se recomienda resguardarse y conducir a baja velocidad. Si tenés info actualizada, comentá para ayudar a otros. (esta noche).",Granizo,-29.19202,-67.491831,3/31/2024
"Tormenta con granizo en Jáchal, San Juan: daños en vehículos",Vecinos reportan caída de granizo en un área industrial. Se registran daños menores y demoras. Se recomienda resguardarse y conducir a baja velocidad.,Granizo,-30.226656,-68.754156,2/12/2024
"Corte parcial por protesta en Jesús María, Córdoba",Vecinos informan una manifestación en un área industrial. Hay cortes parciales/total de calzada y demoras. Se recomienda usar vías alternativas.,Protesta,-30.988479,-64.089378,9/25/2025
"Calles anegadas en Puerto Iguazú, Misiones tras lluvias intensas","Vecinos informan (esta noche) anegamientos y acumulación de agua sobre un acceso principal. Hay demoras en el tránsito y se solicita circular con precaución. Si tenés info actualizada, comentá para ayudar a otros.",Inundación,-25.606336,-54.572051,5/23/2025
"Atención: aumento de consultas respiratorias en Concordia, Entre Ríos","Vecinos informan alta demanda en guardias en un área industrial. Se recomienda uso de barbijo en centros de salud si hay síntomas y ventilar ambientes. Si tenés info actualizada, comentá para ayudar a otros.",Salud,-31.372425,-58.026006,4/29/2025
"Sismo percibido en Orán, Salta: sin daños reportados","Usuarios reportan un temblor cerca de un parque/plaza. Por el momento no se informan daños. Mantener la calma y seguir recomendaciones de Defensa Civil. Se recomienda revisar instalaciones de gas y electricidad. Si tenés info actualizada, comentá para ayudar a otros.",Sismo,-23.166929,-64.339155,7/24/2024
"Atención: aumento de consultas respiratorias en Tandil, Buenos Aires",Vecinos informan alta demanda en guardias en inmediaciones de una escuela. Se recomienda uso de barbijo en centros de salud si hay síntomas y ventilar ambientes.,Salud,-37.312607,-59.159613,8/14/2024
"Atención: aumento de consultas respiratorias en Tafí del Valle, Tucumán","Vecinos informan (al mediodía) alta demanda en guardias en la zona céntrica. Se recomienda uso de barbijo en centros de salud si hay síntomas y ventilar ambientes. Si tenés info actualizada, comentá para ayudar a otros.",Salud,-26.848435,-65.7365,11/28/2025
"Demoras en transporte en Pinamar, Buenos Aires",Usuarios informan demoras y cancelaciones en la zona céntrica. Se recomienda consultar estados oficiales y prever tiempos extra.,Transporte,-37.087383,-56.883587,2/20/2025
"Altas temperaturas en San Miguel de Tucumán, Tucumán: alertan por golpe de calor","Se reportan temperaturas elevadas en un puente/viaducto. Recomiendan hidratarse, evitar exposición al sol en horas pico y prestar atención a niños y adultos mayores. Protección Civil recomienda evitar actividad física al aire libre por la tarde. Si tenés info actualizada, comentá para ayudar a otros.",Ola de calor,-26.827131,-65.215267,6/16/2025
"Derrame de combustible en Junín, Buenos Aires: calzada resbaladiza",Se reporta (esta noche) un derrame de combustible en inmediaciones de una escuela. Personal trabaja en la limpieza. Circular con extrema precaución y mantener distancia.,Derrame,-34.583141,-60.948087,2/22/2024
"Nevada en Comodoro Rivadavia, Chubut: rutas con baja adherencia",Se registran (al mediodía) nevadas en la salida hacia la ruta. Puede haber hielo en calzada y reducción de visibilidad. Portar cadenas y consultar el estado de rutas antes de viajar. Se aconseja manejar con cadenas y luces bajas.,Nevada,-45.886195,-67.51415,10/29/2025
"Derrame de combustible en San Clemente del Tuyú, Buenos Aires: calzada resbaladiza","Se reporta un derrame de combustible en un área industrial. Personal trabaja en la limpieza. Circular con extrema precaución y mantener distancia. Si tenés info actualizada, comentá para ayudar a otros.",Derrame,-36.366395,-56.725714,7/23/2025
"Incendio en Junín, Buenos Aires: bomberos trabajan en el lugar","Se reporta un incendio en un corredor comercial. Bomberos y Defensa Civil acudieron al lugar. Se recomienda evitar la zona y no inhalar humo. Si tenés info actualizada, comentá para ayudar a otros.",Incendio,-34.564397,-60.971181,8/12/2024
"Ráfagas fuertes en Avellaneda, Buenos Aires: caída de ramas y carteles",Se reportan ráfagas intensas sobre un acceso principal. Hay ramas caídas y reducción de visibilidad en algunos tramos. Evitar circular bajo árboles y estructuras inestables.,Vientos fuertes,-34.663823,-58.340508,3/31/2025
"Choque en Córdoba, Córdoba: tránsito reducido",Testigos informan (al mediodía) un accidente de tránsito en la salida hacia la ruta. Se recomienda tomar desvíos y respetar indicaciones del personal en el lugar.,Accidente vial,-31.398342,-64.214484,9/2/2025
"Alerta por robos en La Plata, Buenos Aires: piden reforzar cuidados","Se reportan hechos de inseguridad cerca de una estación de servicio. Vecinos solicitan mayor presencia policial. Evitar exhibir objetos de valor y denunciar al 911. Si tenés info actualizada, comentá para ayudar a otros.",Robo,-34.910902,-57.966806,8/4/2024
"Atención: aumento de consultas respiratorias en San Miguel de Tucumán, Tucumán","Vecinos informan alta demanda en guardias sobre un acceso principal. Se recomienda uso de barbijo en centros de salud si hay síntomas y ventilar ambientes. Si tenés info actualizada, comentá para ayudar a otros.",Salud,-26.826202,-65.242108,2/21/2024
"Atención: aumento de consultas respiratorias en Río Gallegos, Santa Cruz",Vecinos informan (esta mañana) alta demanda en guardias cerca de un parque/plaza. Se recomienda uso de barbijo en centros de salud si hay síntomas y ventilar ambientes.,Salud,-51.597569,-69.238796,6/12/2024
"Ráfagas fuertes en Avellaneda, Buenos Aires: caída de ramas y carteles",Se reportan ráfagas intensas en un área industrial. Hay ramas caídas y reducción de visibilidad en algunos tramos. Evitar circular bajo árboles y estructuras inestables.,Vientos fuertes,-34.647939,-58.378026,9/21/2024
"Ráfagas fuertes en Neuquén, Neuquén: caída de ramas y carteles","Se reportan (esta noche) ráfagas intensas sobre un acceso principal. Hay ramas caídas y reducción de visibilidad en algunos tramos. Evitar circular bajo árboles y estructuras inestables. Si tenés info actualizada, comentá para ayudar a otros.",Vientos fuertes,-38.972241,-68.071636,11/1/2025
"Derrame de combustible en Mendoza, Mendoza: calzada resbaladiza",Se reporta un derrame de combustible cerca de una estación de servicio. Personal trabaja en la limpieza. Circular con extrema precaución y mantener distancia.,Derrame,-32.878766,-68.868938,12/26/2024
"Deslizamiento de ladera en Cutral Có, Neuquén: precaución en accesos","Se reporta (esta noche) un deslizamiento de tierra/rocas en un barrio residencial. Puede haber calzada parcial o totalmente obstruida. Evitar transitar la zona hasta nuevo aviso. Si tenés info actualizada, comentá para ayudar a otros.",Deslizamiento,-38.914836,-69.206523,7/24/2024
"Demoras en transporte en San Isidro, Buenos Aires","Usuarios informan (al mediodía) demoras y cancelaciones en un área industrial. Se recomienda consultar estados oficiales y prever tiempos extra. Si tenés info actualizada, comentá para ayudar a otros.",Transporte,-34.472573,-58.512534,8/20/2024
"Demoras en transporte en San Nicolás, Buenos Aires","Usuarios informan (al mediodía) demoras y cancelaciones en un área industrial. Se recomienda consultar estados oficiales y prever tiempos extra. Si tenés info actualizada, comentá para ayudar a otros.",Transporte,-33.308136,-60.201108,2/21/2024
"Derrame de combustible en San Martín (Mza), Mendoza: calzada resbaladiza","Se reporta un derrame de combustible cerca de un parque/plaza. Personal trabaja en la limpieza. Circular con extrema precaución y mantener distancia. Si tenés info actualizada, comentá para ayudar a otros.",Derrame,-33.100269,-68.452736,11/1/2024
"Alerta por robos en Clorinda, Formosa: piden reforzar cuidados",Se reportan (al mediodía) hechos de inseguridad en un barrio residencial. Vecinos solicitan mayor presencia policial. Evitar exhibir objetos de valor y denunciar al 911.,Robo,-25.283264,-57.720316,2/4/2024
"Incendio en Termas de Río Hondo, Santiago del Estero: bomberos trabajan en el lugar",Se reporta (en las últimas horas) un incendio en la salida hacia la ruta. Bomberos y Defensa Civil acudieron al lugar. Se recomienda evitar la zona y no inhalar humo.,Incendio,-27.473269,-64.884426,11/10/2025
"Choque en Tilcara, Jujuy: tránsito reducido","Testigos informan un accidente de tránsito en un barrio residencial. Se recomienda tomar desvíos y respetar indicaciones del personal en el lugar. Si tenés info actualizada, comentá para ayudar a otros.",Accidente vial,-23.555694,-65.396985,6/1/2024
"Choque en Concordia, Entre Ríos: tránsito reducido","Testigos informan (en las últimas horas) un accidente de tránsito en un barrio residencial. Se recomienda tomar desvíos y respetar indicaciones del personal en el lugar. Si tenés info actualizada, comentá para ayudar a otros.",Accidente vial,-31.415745,-58.022831,6/16/2024
"Alerta por robos en Tandil, Buenos Aires: piden reforzar cuidados","Se reportan (esta noche) hechos de inseguridad en inmediaciones de una escuela. Vecinos solicitan mayor presencia policial. Evitar exhibir objetos de valor y denunciar al 911. Si tenés info actualizada, comentá para ayudar a otros.",Robo,-37.325482,-59.107418,9/2/2024
"Ráfagas fuertes en Caleta Olivia, Santa Cruz: caída de ramas y carteles","Se reportan ráfagas intensas en un barrio residencial. Hay ramas caídas y reducción de visibilidad en algunos tramos. Evitar circular bajo árboles y estructuras inestables. Si tenés info actualizada, comentá para ayudar a otros.",Vientos fuertes,-46.440696,-67.510537,8/7/2025
"Corte de luz en Santa Fe, Santa Fe: cuadrillas revisan la red",Se registran interrupciones del servicio eléctrico cerca de una estación de servicio. La empresa distribuidora indicó tareas de reparación. Se sugiere desconectar artefactos sensibles.,Corte de energía,-31.63786,-60.692546,4/22/2024
"Calles anegadas en Posadas, Misiones tras lluvias intensas","Vecinos informan (en las últimas horas) anegamientos y acumulación de agua en un área industrial. Hay demoras en el tránsito y se solicita circular con precaución. Si tenés info actualizada, comentá para ayudar a otros.",Inundación,-27.349453,-55.926272,9/8/2024
"Corte de luz en San Rafael, Mendoza: cuadrillas revisan la red","Se registran interrupciones del servicio eléctrico en la zona céntrica. La empresa distribuidora indicó tareas de reparación. Se sugiere desconectar artefactos sensibles. Si tenés info actualizada, comentá para ayudar a otros.",Corte de energía,-34.637218,-68.341884,3/27/2024
"Incendio en La Rioja, La Rioja: bomberos trabajan en el lugar",Se reporta un incendio en un puente/viaducto. Bomberos y Defensa Civil acudieron al lugar. Se recomienda evitar la zona y no inhalar humo.,Incendio,-29.418374,-66.880617,9/7/2024
"Choque en Santiago del Estero, Santiago del Estero: tránsito reducido",Testigos informan (al mediodía) un accidente de tránsito en un puente/viaducto. Se recomienda tomar desvíos y respetar indicaciones del personal en el lugar.,Accidente vial,-27.783938,-64.248984,3/9/2024
"Corte parcial por protesta en San Nicolás, Buenos Aires",Vecinos informan una manifestación en un corredor comercial. Hay cortes parciales/total de calzada y demoras. Se recomienda usar vías alternativas.,Protesta,-33.319712,-60.202317,7/22/2024
"Atención: aumento de consultas respiratorias en Tilcara, Jujuy","Vecinos informan alta demanda en guardias en la salida hacia la ruta. Se recomienda uso de barbijo en centros de salud si hay síntomas y ventilar ambientes. Si tenés info actualizada, comentá para ayudar a otros.",Salud,-23.587148,-65.416066,5/19/2025
"Altas temperaturas en Formosa, Formosa: alertan por golpe de calor","Se reportan temperaturas elevadas en inmediaciones de una escuela. Recomiendan hidratarse, evitar exposición al sol en horas pico y prestar atención a niños y adultos mayores. Protección Civil recomienda evitar actividad física al aire libre por la tarde.",Ola de calor,-26.165253,-58.15727,8/27/2025
"Atención: aumento de consultas respiratorias en Zárate, Buenos Aires","Vecinos informan alta demanda en guardias en un corredor comercial. Se recomienda uso de barbijo en centros de salud si hay síntomas y ventilar ambientes. Si tenés info actualizada, comentá para ayudar a otros.",Salud,-34.0996,-59.001844,4/28/2024
"Ráfagas fuertes en General Roca, Río Negro: caída de ramas y carteles",Se reportan ráfagas intensas sobre un acceso principal. Hay ramas caídas y reducción de visibilidad en algunos tramos. Evitar circular bajo árboles y estructuras inestables.,Vientos fuertes,-39.010646,-67.5788,12/2/2025
"Atención: aumento de consultas respiratorias en Campana, Buenos Aires",Vecinos informan alta demanda en guardias en la salida hacia la ruta. Se recomienda uso de barbijo en centros de salud si hay síntomas y ventilar ambientes.,Salud,-34.134098,-58.939654,2/19/2025
"Atención: aumento de consultas respiratorias en San Rafael, Mendoza",Vecinos informan (esta noche) alta demanda en guardias en la salida hacia la ruta. Se recomienda uso de barbijo en centros de salud si hay síntomas y ventilar ambientes.,Salud,-34.61147,-68.303041,5/1/2025
"Corte parcial por protesta en San Isidro, Buenos Aires","Vecinos informan (esta tarde) una manifestación cerca de una estación de servicio. Hay cortes parciales/total de calzada y demoras. Se recomienda usar vías alternativas. Si tenés info actualizada, comentá para ayudar a otros.",Protesta,-34.477168,-58.530644,2/3/2024
"Altas temperaturas en Santa Fe, Santa Fe: alertan por golpe de calor","Se reportan temperaturas elevadas cerca de una estación de servicio. Recomiendan hidratarse, evitar exposición al sol en horas pico y prestar atención a niños y adultos mayores. Protección Civil recomienda evitar actividad física al aire libre por la tarde.",Ola de calor,-31.62364,-60.681572,5/3/2024
"Corte de luz en Venado Tuerto, Santa Fe: cuadrillas revisan la red","Se registran interrupciones del servicio eléctrico en la salida hacia la ruta. La empresa distribuidora indicó tareas de reparación. Se sugiere desconectar artefactos sensibles. Si tenés info actualizada, comentá para ayudar a otros.",Corte de energía,-33.753858,-61.984548,9/16/2025
"Corte parcial por protesta en Luján, Buenos Aires",Vecinos informan una manifestación en un puente/viaducto. Hay cortes parciales/total de calzada y demoras. Se recomienda usar vías alternativas.,Protesta,-34.540987,-59.123733,6/15/2024
"Incendio en La Plata, Buenos Aires: bomberos trabajan en el lugar","Se reporta (en las últimas horas) un incendio cerca de una estación de servicio. Bomberos y Defensa Civil acudieron al lugar. Se recomienda evitar la zona y no inhalar humo. Si tenés info actualizada, comentá para ayudar a otros.",Incendio,-34.902836,-57.969451,12/26/2024
"Corte parcial por protesta en Belén, Catamarca",Vecinos informan (esta tarde) una manifestación en un corredor comercial. Hay cortes parciales/total de calzada y demoras. Se recomienda usar vías alternativas.,Protesta,-27.646022,-67.053446,9/30/2025
"Choque en Santa Rosa, La Pampa: tránsito reducido","Testigos informan un accidente de tránsito en un puente/viaducto. Se recomienda tomar desvíos y respetar indicaciones del personal en el lugar. Si tenés info actualizada, comentá para ayudar a otros.",Accidente vial,-36.609121,-64.264331,11/23/2025
"Incendio forestal cerca de Viedma, Río Negro: humo visible","Se reporta un foco de incendio en vegetación en la zona céntrica. Brigadistas trabajan para contenerlo. No acercarse a la zona y reportar nuevos focos. El humo puede afectar la visibilidad y la calidad del aire. Si tenés info actualizada, comentá para ayudar a otros.",Incendio forestal,-40.802488,-62.993255,4/3/2025
"Corte parcial por protesta en Salta, Salta",Vecinos informan (esta tarde) una manifestación en un área industrial. Hay cortes parciales/total de calzada y demoras. Se recomienda usar vías alternativas.,Protesta,-24.783152,-65.452776,10/4/2024
"Deslizamiento de ladera en Tafí del Valle, Tucumán: precaución en accesos",Se reporta (en las últimas horas) un deslizamiento de tierra/rocas en la zona céntrica. Puede haber calzada parcial o totalmente obstruida. Evitar transitar la zona hasta nuevo aviso.,Deslizamiento,-26.84381,-65.722948,9/4/2024
"Derrame de combustible en Bahía Blanca, Buenos Aires: calzada resbaladiza",Se reporta un derrame de combustible en un corredor comercial. Personal trabaja en la limpieza. Circular con extrema precaución y mantener distancia.,Derrame,-38.701306,-62.26181,1/24/2025
"Derrame de combustible en Rafaela, Santa Fe: calzada resbaladiza",Se reporta un derrame de combustible cerca de una estación de servicio. Personal trabaja en la limpieza. Circular con extrema precaución y mantener distancia.,Derrame,-31.279701,-61.489057,5/23/2024
"Choque en Córdoba, Córdoba: tránsito reducido",Testigos informan (esta tarde) un accidente de tránsito en inmediaciones de una escuela. Se recomienda tomar desvíos y respetar indicaciones del personal en el lugar.,Accidente vial,-31.395645,-64.183564,1/27/2025
"Tormenta con granizo en La Rioja, La Rioja: daños en vehículos",Vecinos reportan caída de granizo en inmediaciones de una escuela. Se registran daños menores y demoras. Se recomienda resguardarse y conducir a baja velocidad.,Granizo,-29.405557,-66.830217,2/16/2025
"Sismo percibido en Tilcara, Jujuy: sin daños reportados","Usuarios reportan un temblor en un puente/viaducto. Por el momento no se informan daños. Mantener la calma y seguir recomendaciones de Defensa Civil. Se recomienda revisar instalaciones de gas y electricidad. Si tenés info actualizada, comentá para ayudar a otros.",Sismo,-23.592089,-65.413562,9/29/2025
"Choque en Jesús María, Córdoba: tránsito reducido","Testigos informan (en las últimas horas) un accidente de tránsito en un puente/viaducto. Se recomienda tomar desvíos y respetar indicaciones del personal en el lugar. Si tenés info actualizada, comentá para ayudar a otros.",Accidente vial,-30.983387,-64.090575,11/17/2025
"Corte parcial por protesta en Rafaela, Santa Fe",Vecinos informan una manifestación en un puente/viaducto. Hay cortes parciales/total de calzada y demoras. Se recomienda usar vías alternativas.,Protesta,-31.233941,-61.469915,5/4/2024
"Incendio en La Plata, Buenos Aires: bomberos trabajan en el lugar",Se reporta un incendio en un corredor comercial. Bomberos y Defensa Civil acudieron al lugar. Se recomienda evitar la zona y no inhalar humo.,Incendio,-34.930181,-57.928105,9/28/2024
"Incendio en Belén, Catamarca: bomberos trabajan en el lugar",Se reporta un incendio en un área industrial. Bomberos y Defensa Civil acudieron al lugar. Se recomienda evitar la zona y no inhalar humo.,Incendio,-27.637534,-67.051324,11/10/2024
"Corte parcial por protesta en Posadas, Misiones",Vecinos informan una manifestación en la salida hacia la ruta. Hay cortes parciales/total de calzada y demoras. Se recomienda usar vías alternativas.,Protesta,-27.341748,-55.906001,5/26/2025
"Choque en San Martín (Mza), Mendoza: tránsito reducido","Testigos informan un accidente de tránsito cerca de una estación de servicio. Se recomienda tomar desvíos y respetar indicaciones del personal en el lugar. Si tenés info actualizada, comentá para ayudar a otros.",Accidente vial,-33.070835,-68.445909,5/16/2024
"Corte parcial por protesta en Villa Carlos Paz, Córdoba","Vecinos informan una manifestación en un barrio residencial. Hay cortes parciales/total de calzada y demoras. Se recomienda usar vías alternativas. Si tenés info actualizada, comentá para ayudar a otros.",Protesta,-31.412931,-64.493131,2/17/2025
"Corte de luz en Rafaela, Santa Fe: cuadrillas revisan la red","Se registran interrupciones del servicio eléctrico cerca de una estación de servicio. La empresa distribuidora indicó tareas de reparación. Se sugiere desconectar artefactos sensibles. Si tenés info actualizada, comentá para ayudar a otros.",Corte de energía,-31.268277,-61.513503,10/16/2024
"Altas temperaturas en Venado Tuerto, Santa Fe: alertan por golpe de calor","Se reportan temperaturas elevadas cerca de una estación de servicio. Recomiendan hidratarse, evitar exposición al sol en horas pico y prestar atención a niños y adultos mayores. Protección Civil recomienda evitar actividad física al aire libre por la tarde.",Ola de calor,-33.75254,-61.944224,3/9/2024
"Incendio forestal cerca de Río Grande, Tierra del Fuego: humo visible","Se reporta (esta mañana) un foco de incendio en vegetación en un área industrial. Brigadistas trabajan para contenerlo. No acercarse a la zona y reportar nuevos focos. Si tenés info actualizada, comentá para ayudar a otros.",Incendio forestal,-53.795415,-67.706861,3/21/2024
"Incendio en Esquel, Chubut: bomberos trabajan en el lugar",Se reporta (esta mañana) un incendio en un barrio residencial. Bomberos y Defensa Civil acudieron al lugar. Se recomienda evitar la zona y no inhalar humo.,Incendio,-42.915536,-71.303161,4/2/2025
"Alerta por robos en Córdoba, Córdoba: piden reforzar cuidados",Se reportan hechos de inseguridad en un área industrial. Vecinos solicitan mayor presencia policial. Evitar exhibir objetos de valor y denunciar al 911.,Robo,-31.447724,-64.169157,4/23/2024
"Atención: aumento de consultas respiratorias en Avellaneda, Buenos Aires",Vecinos informan alta demanda en guardias en un puente/viaducto. Se recomienda uso de barbijo en centros de salud si hay síntomas y ventilar ambientes.,Salud,-34.677283,-58.363204,8/1/2024
"Incendio en Malargüe, Mendoza: bomberos trabajan en el lugar",Se reporta (en las últimas horas) un incendio sobre un acceso principal. Bomberos y Defensa Civil acudieron al lugar. Se recomienda evitar la zona y no inhalar humo.,Incendio,-35.489417,-69.591836,10/7/2025
"Incendio en Termas de Río Hondo, Santiago del Estero: bomberos trabajan en el lugar","Se reporta un incendio en la salida hacia la ruta. Bomberos y Defensa Civil acudieron al lugar. Se recomienda evitar la zona y no inhalar humo. Si tenés info actualizada, comentá para ayudar a otros.",Incendio,-27.498958,-64.848997,2/26/2024
"Nevada en Malargüe, Mendoza: rutas con baja adherencia","Se registran nevadas en inmediaciones de una escuela. Puede haber hielo en calzada y reducción de visibilidad. Portar cadenas y consultar el estado de rutas antes de viajar. Se aconseja manejar con cadenas y luces bajas. Si tenés info actualizada, comentá para ayudar a otros.",Nevada,-35.497475,-69.587062,11/30/2025
"Choque en Goya, Corrientes: tránsito reducido",Testigos informan (al mediodía) un accidente de tránsito en un puente/viaducto. Se recomienda tomar desvíos y respetar indicaciones del personal en el lugar.,Accidente vial,-29.152045,-59.280848,6/12/2025
"Incendio forestal cerca de Mendoza, Mendoza: humo visible","Se reporta un foco de incendio en vegetación en inmediaciones de una escuela. Brigadistas trabajan para contenerlo. No acercarse a la zona y reportar nuevos focos. El humo puede afectar la visibilidad y la calidad del aire. Si tenés info actualizada, comentá para ayudar a otros.",Incendio forestal,-32.869221,-68.858026,1/24/2024
"Incendio en Mar del Plata, Buenos Aires: bomberos trabajan en el lugar","Se reporta (en las últimas horas) un incendio en un puente/viaducto. Bomberos y Defensa Civil acudieron al lugar. Se recomienda evitar la zona y no inhalar humo. Si tenés info actualizada, comentá para ayudar a otros.",Incendio,-38.019673,-57.551277,6/16/2024
"Altas temperaturas en Tartagal, Salta: alertan por golpe de calor","Se reportan (esta tarde) temperaturas elevadas en un barrio residencial. Recomiendan hidratarse, evitar exposición al sol en horas pico y prestar atención a niños y adultos mayores. Protección Civil recomienda evitar actividad física al aire libre por la tarde. Si tenés info actualizada, comentá para ayudar a otros.",Ola de calor,-22.521139,-63.829537,4/10/2025
"Corte de luz en San Rafael, Mendoza: cuadrillas revisan la red","Se registran interrupciones del servicio eléctrico cerca de una estación de servicio. La empresa distribuidora indicó tareas de reparación. Se sugiere desconectar artefactos sensibles. Si tenés info actualizada, comentá para ayudar a otros.",Corte de energía,-34.618539,-68.355136,12/11/2024
"Demoras en transporte en Necochea, Buenos Aires",Usuarios informan demoras y cancelaciones cerca de una estación de servicio. Se recomienda consultar estados oficiales y prever tiempos extra.,Transporte,-38.559926,-58.742666,12/28/2024
"Tormenta con granizo en San Juan, San Juan: daños en vehículos","Vecinos reportan caída de granizo en un corredor comercial. Se registran daños menores y demoras. Se recomienda resguardarse y conducir a baja velocidad. Si tenés info actualizada, comentá para ayudar a otros.",Granizo,-31.544451,-68.517688,3/23/2025
"Calles anegadas en La Plata, Buenos Aires tras lluvias intensas",Vecinos informan anegamientos y acumulación de agua sobre un acceso principal. Hay demoras en el tránsito y se solicita circular con precaución.,Inundación,-34.949744,-57.935708,3/29/2024
"Atención: aumento de consultas respiratorias en San Luis, San Luis",Vecinos informan alta demanda en guardias en un corredor comercial. Se recomienda uso de barbijo en centros de salud si hay síntomas y ventilar ambientes.,Salud,-33.311393,-66.334225,4/17/2025
"Ráfagas fuertes en Ciudad Autónoma de Buenos Aires, CABA: caída de ramas y carteles",Se reportan ráfagas intensas sobre un acceso principal. Hay ramas caídas y reducción de visibilidad en algunos tramos. Evitar circular bajo árboles y estructuras inestables.,Vientos fuertes,-34.627459,-58.376127,5/9/2024
"Atención: aumento de consultas respiratorias en Goya, Corrientes",Vecinos informan alta demanda en guardias en un área industrial. Se recomienda uso de barbijo en centros de salud si hay síntomas y ventilar ambientes.,Salud,-29.114158,-59.246799,8/6/2025
"Calles anegadas en Necochea, Buenos Aires tras lluvias intensas",Vecinos informan anegamientos y acumulación de agua en la salida hacia la ruta. Hay demoras en el tránsito y se solicita circular con precaución.,Inundación,-38.515605,-58.72299,4/25/2025
"Incendio en San Miguel de Tucumán, Tucumán: bomberos trabajan en el lugar",Se reporta (al mediodía) un incendio cerca de un parque/plaza. Bomberos y Defensa Civil acudieron al lugar. Se recomienda evitar la zona y no inhalar humo.,Incendio,-26.790301,-65.194248,1/6/2024
"Atención: aumento de consultas respiratorias en San Carlos de Bariloche, Río Negro","Vecinos informan alta demanda en guardias en la zona céntrica. Se recomienda uso de barbijo en centros de salud si hay síntomas y ventilar ambientes. Si tenés info actualizada, comentá para ayudar a otros.",Salud,-41.151492,-71.340243,4/22/2025
"Ráfagas fuertes en Puerto Madryn, Chubut: caída de ramas y carteles",Se reportan ráfagas intensas en la zona céntrica. Hay ramas caídas y reducción de visibilidad en algunos tramos. Evitar circular bajo árboles y estructuras inestables.,Vientos fuertes,-42.744043,-65.052723,6/6/2024
"Demoras en transporte en Pinamar, Buenos Aires",Usuarios informan demoras y cancelaciones en un barrio residencial. Se recomienda consultar estados oficiales y prever tiempos extra.,Transporte,-37.132205,-56.883405,6/25/2025
"Incendio forestal cerca de Río Grande, Tierra del Fuego: humo visible","Se reporta un foco de incendio en vegetación en un barrio residencial. Brigadistas trabajan para contenerlo. No acercarse a la zona y reportar nuevos focos. Si tenés info actualizada, comentá para ayudar a otros.",Incendio forestal,-53.794103,-67.688265,3/14/2024
"Calles anegadas en Clorinda, Formosa tras lluvias intensas",Vecinos informan anegamientos y acumulación de agua en un corredor comercial. Hay demoras en el tránsito y se solicita circular con precaución. Algunos desagües se vieron superados por la intensidad de la lluvia.,Inundación,-25.271491,-57.71575,2/25/2024
"Corte parcial por protesta en Avellaneda, Buenos Aires",Vecinos informan una manifestación en la salida hacia la ruta. Hay cortes parciales/total de calzada y demoras. Se recomienda usar vías alternativas.,Protesta,-34.678588,-58.385358,6/3/2025
"Corte de luz en San Luis, San Luis: cuadrillas revisan la red",Se registran interrupciones del servicio eléctrico sobre un acceso principal. La empresa distribuidora indicó tareas de reparación. Se sugiere desconectar artefactos sensibles.,Corte de energía,-33.294939,-66.362619,6/16/2025
"Choque en Santa Fe, Santa Fe: tránsito reducido","Testigos informan (esta tarde) un accidente de tránsito en un barrio residencial. Se recomienda tomar desvíos y respetar indicaciones del personal en el lugar. Si tenés info actualizada, comentá para ayudar a otros.",Accidente vial,-31.617555,-60.721131,9/12/2025
"Incendio en San Juan, San Juan: bomberos trabajan en el lugar","Se reporta (en las últimas horas) un incendio en un barrio residencial. Bomberos y Defensa Civil acudieron al lugar. Se recomienda evitar la zona y no inhalar humo. Si tenés info actualizada, comentá para ayudar a otros.",Incendio,-31.554667,-68.543278,2/21/2025
"Corte parcial por protesta en Tafí del Valle, Tucumán",Vecinos informan una manifestación sobre un acceso principal. Hay cortes parciales/total de calzada y demoras. Se recomienda usar vías alternativas.,Protesta,-26.834507,-65.685028,3/1/2024
"Corte parcial por protesta en Formosa, Formosa","Vecinos informan una manifestación en la zona céntrica. Hay cortes parciales/total de calzada y demoras. Se recomienda usar vías alternativas. Si tenés info actualizada, comentá para ayudar a otros.",Protesta,-26.188696,-58.16301,9/15/2024
"Incendio en San Martín (Mza), Mendoza: bomberos trabajan en el lugar","Se reporta (al mediodía) un incendio en un puente/viaducto. Bomberos y Defensa Civil acudieron al lugar. Se recomienda evitar la zona y no inhalar humo. Si tenés info actualizada, comentá para ayudar a otros.",Incendio,-33.052148,-68.460759,4/29/2025
"Incendio forestal cerca de Trelew, Chubut: humo visible","Se reporta un foco de incendio en vegetación sobre un acceso principal. Brigadistas trabajan para contenerlo. No acercarse a la zona y reportar nuevos focos. El humo puede afectar la visibilidad y la calidad del aire. Si tenés info actualizada, comentá para ayudar a otros.",Incendio forestal,-43.258457,-65.302462,12/31/2024
"Ráfagas fuertes en Ciudad Autónoma de Buenos Aires, CABA: caída de ramas y carteles",Se reportan ráfagas intensas en un puente/viaducto. Hay ramas caídas y reducción de visibilidad en algunos tramos. Evitar circular bajo árboles y estructuras inestables.,Vientos fuertes,-34.627409,-58.362074,11/17/2024
"Incendio en Tilcara, Jujuy: bomberos trabajan en el lugar","Se reporta un incendio en un corredor comercial. Bomberos y Defensa Civil acudieron al lugar. Se recomienda evitar la zona y no inhalar humo. Si tenés info actualizada, comentá para ayudar a otros.",Incendio,-23.59541,-65.422596,11/10/2025
"Demoras en transporte en Jesús María, Córdoba",Usuarios informan (esta mañana) demoras y cancelaciones en un barrio residencial. Se recomienda consultar estados oficiales y prever tiempos extra.,Transporte,-30.968742,-64.098217,5/1/2024
"Deslizamiento de ladera en Orán, Salta: precaución en accesos",Se reporta un deslizamiento de tierra/rocas cerca de una estación de servicio. Puede haber calzada parcial o totalmente obstruida. Evitar transitar la zona hasta nuevo aviso.,Deslizamiento,-23.122312,-64.338191,9/20/2024
"Tormenta con granizo en San Luis, San Luis: daños en vehículos",Vecinos reportan caída de granizo en un área industrial. Se registran daños menores y demoras. Se recomienda resguardarse y conducir a baja velocidad.,Granizo,-33.296232,-66.328433,9/4/2025
"Calles anegadas en San Isidro, Buenos Aires tras lluvias intensas",Vecinos informan anegamientos y acumulación de agua en un barrio residencial. Hay demoras en el tránsito y se solicita circular con precaución.,Inundación,-34.496393,-58.554131,7/24/2025
"Atención: aumento de consultas respiratorias en Río Grande, Tierra del Fuego",Vecinos informan alta demanda en guardias en inmediaciones de una escuela. Se recomienda uso de barbijo en centros de salud si hay síntomas y ventilar ambientes.,Salud,-53.763006,-67.725704,2/8/2025
"Corte parcial por protesta en Orán, Salta",Vecinos informan una manifestación en un barrio residencial. Hay cortes parciales/total de calzada y demoras. Se recomienda usar vías alternativas.,Protesta,-23.148138,-64.340737,2/1/2025
"Choque en Concordia, Entre Ríos: tránsito reducido",Testigos informan (esta mañana) un accidente de tránsito en un puente/viaducto. Se recomienda tomar desvíos y respetar indicaciones del personal en el lugar.,Accidente vial,-31.372061,-58.046541,4/1/2024
"Atención: aumento de consultas respiratorias en Luján, Buenos Aires","Vecinos informan (esta mañana) alta demanda en guardias en inmediaciones de una escuela. Se recomienda uso de barbijo en centros de salud si hay síntomas y ventilar ambientes. Si tenés info actualizada, comentá para ayudar a otros.",Salud,-34.550088,-59.131666,9/17/2024
"Atención: aumento de consultas respiratorias en Oberá, Misiones","Vecinos informan (esta tarde) alta demanda en guardias sobre un acceso principal. Se recomienda uso de barbijo en centros de salud si hay síntomas y ventilar ambientes. Si tenés info actualizada, comentá para ayudar a otros.",Salud,-27.465847,-55.141196,12/29/2024
"Choque en San Fernando del Valle de Catamarca, Catamarca: tránsito reducido",Testigos informan (esta tarde) un accidente de tránsito en un puente/viaducto. Se recomienda tomar desvíos y respetar indicaciones del personal en el lugar.,Accidente vial,-28.489626,-65.775409,9/11/2024
"Derrame de combustible en Quilmes, Buenos Aires: calzada resbaladiza","Se reporta (al mediodía) un derrame de combustible en la zona céntrica. Personal trabaja en la limpieza. Circular con extrema precaución y mantener distancia. Si tenés info actualizada, comentá para ayudar a otros.",Derrame,-34.708441,-58.231512,9/3/2024
"Incendio en Ushuaia, Tierra del Fuego: bomberos trabajan en el lugar","Se reporta un incendio en la zona céntrica. Bomberos y Defensa Civil acudieron al lugar. Se recomienda evitar la zona y no inhalar humo. Si tenés info actualizada, comentá para ayudar a otros.",Incendio,-54.809739,-68.31609,4/28/2025
"Calles anegadas en Corrientes, Corrientes tras lluvias intensas",Vecinos informan anegamientos y acumulación de agua cerca de un parque/plaza. Hay demoras en el tránsito y se solicita circular con precaución. Algunos desagües se vieron superados por la intensidad de la lluvia.,Inundación,-27.474918,-58.831502,6/26/2024
"Derrame de combustible en Jáchal, San Juan: calzada resbaladiza","Se reporta (esta tarde) un derrame de combustible en la zona céntrica. Personal trabaja en la limpieza. Circular con extrema precaución y mantener distancia. Si tenés info actualizada, comentá para ayudar a otros.",Derrame,-30.243065,-68.762355,12/12/2024
"Demoras en transporte en Río Cuarto, Córdoba","Usuarios informan (en las últimas horas) demoras y cancelaciones sobre un acceso principal. Se recomienda consultar estados oficiales y prever tiempos extra. Si tenés info actualizada, comentá para ayudar a otros.",Transporte,-33.100987,-64.322152,1/20/2025
"Corte parcial por protesta en Villa Mercedes, San Luis","Vecinos informan (esta tarde) una manifestación en la zona céntrica. Hay cortes parciales/total de calzada y demoras. Se recomienda usar vías alternativas. Si tenés info actualizada, comentá para ayudar a otros.",Protesta,-33.692957,-65.482815,9/28/2024
"Calles anegadas en Resistencia, Chaco tras lluvias intensas",Vecinos informan (esta tarde) anegamientos y acumulación de agua cerca de un parque/plaza. Hay demoras en el tránsito y se solicita circular con precaución. Algunos desagües se vieron superados por la intensidad de la lluvia.,Inundación,-27.441624,-58.995026,5/2/2024
"Corte de luz en Pinamar, Buenos Aires: cuadrillas revisan la red","Se registran interrupciones del servicio eléctrico cerca de una estación de servicio. La empresa distribuidora indicó tareas de reparación. Se sugiere desconectar artefactos sensibles. Si tenés info actualizada, comentá para ayudar a otros.",Corte de energía,-37.089307,-56.83784,10/21/2025
"Incendio forestal cerca de Malargüe, Mendoza: humo visible",Se reporta (esta tarde) un foco de incendio en vegetación cerca de un parque/plaza. Brigadistas trabajan para contenerlo. No acercarse a la zona y reportar nuevos focos. El humo puede afectar la visibilidad y la calidad del aire.,Incendio forestal,-35.496798,-69.566082,11/25/2024
"Corte de luz en Puerto Iguazú, Misiones: cuadrillas revisan la red","Se registran interrupciones del servicio eléctrico sobre un acceso principal. La empresa distribuidora indicó tareas de reparación. Se sugiere desconectar artefactos sensibles. Si tenés info actualizada, comentá para ayudar a otros.",Corte de energía,-25.585674,-54.576637,2/6/2024
"Choque en Formosa, Formosa: tránsito reducido",Testigos informan un accidente de tránsito en inmediaciones de una escuela. Se recomienda tomar desvíos y respetar indicaciones del personal en el lugar.,Accidente vial,-26.158834,-58.18128,11/26/2025
"Sismo percibido en Tilcara, Jujuy: sin daños reportados","Usuarios reportan un temblor sobre un acceso principal. Por el momento no se informan daños. Mantener la calma y seguir recomendaciones de Defensa Civil. Se recomienda revisar instalaciones de gas y electricidad. Si tenés info actualizada, comentá para ayudar a otros.",Sismo,-23.556904,-65.381255,11/19/2025
"Ráfagas fuertes en Neuquén, Neuquén: caída de ramas y carteles","Se reportan ráfagas intensas cerca de un parque/plaza. Hay ramas caídas y reducción de visibilidad en algunos tramos. Evitar circular bajo árboles y estructuras inestables. Si tenés info actualizada, comentá para ayudar a otros.",Vientos fuertes,-38.954205,-68.075523,11/25/2024
"Altas temperaturas en San Fernando del Valle de Catamarca, Catamarca: alertan por golpe de calor","Se reportan (esta tarde) temperaturas elevadas en la salida hacia la ruta. Recomiendan hidratarse, evitar exposición al sol en horas pico y prestar atención a niños y adultos mayores. Protección Civil recomienda evitar actividad física al aire libre por la tarde.",Ola de calor,-28.453398,-65.800894,1/1/2024
"Deslizamiento de ladera en Ushuaia, Tierra del Fuego: precaución en accesos","Se reporta un deslizamiento de tierra/rocas cerca de un parque/plaza. Puede haber calzada parcial o totalmente obstruida. Evitar transitar la zona hasta nuevo aviso. Si tenés info actualizada, comentá para ayudar a otros.",Deslizamiento,-54.808707,-68.317336,7/29/2025
"Choque en Caucete, San Juan: tránsito reducido",Testigos informan (esta tarde) un accidente de tránsito cerca de una estación de servicio. Se recomienda tomar desvíos y respetar indicaciones del personal en el lugar.,Accidente vial,-31.631208,-68.307584,8/27/2024
"Atención: aumento de consultas respiratorias en Rosario, Santa Fe",Vecinos informan (en las últimas horas) alta demanda en guardias cerca de un parque/plaza. Se recomienda uso de barbijo en centros de salud si hay síntomas y ventilar ambientes.,Salud,-32.934498,-60.628887,10/2/2024
"Incendio en Paraná, Entre Ríos: bomberos trabajan en el lugar",Se reporta (esta mañana) un incendio en la salida hacia la ruta. Bomberos y Defensa Civil acudieron al lugar. Se recomienda evitar la zona y no inhalar humo.,Incendio,-31.719962,-60.543268,6/28/2024
"Corte de luz en Caucete, San Juan: cuadrillas revisan la red","Se registran (en las últimas horas) interrupciones del servicio eléctrico en un corredor comercial. La empresa distribuidora indicó tareas de reparación. Se sugiere desconectar artefactos sensibles. Si tenés info actualizada, comentá para ayudar a otros.",Corte de energía,-31.649415,-68.284223,5/26/2025
"Demoras en transporte en Puerto Iguazú, Misiones","Usuarios informan (esta tarde) demoras y cancelaciones en un corredor comercial. Se recomienda consultar estados oficiales y prever tiempos extra. Si tenés info actualizada, comentá para ayudar a otros.",Transporte,-25.594881,-54.592708,12/9/2025
"Derrame de combustible en Jesús María, Córdoba: calzada resbaladiza","Se reporta un derrame de combustible en un corredor comercial. Personal trabaja en la limpieza. Circular con extrema precaución y mantener distancia. Si tenés info actualizada, comentá para ayudar a otros.",Derrame,-30.969538,-64.120675,11/29/2025
"Incendio en Trelew, Chubut: bomberos trabajan en el lugar","Se reporta un incendio cerca de un parque/plaza. Bomberos y Defensa Civil acudieron al lugar. Se recomienda evitar la zona y no inhalar humo. Si tenés info actualizada, comentá para ayudar a otros.",Incendio,-43.236353,-65.296249,7/3/2024
"Nevada en General Roca, Río Negro: rutas con baja adherencia",Se registran (esta noche) nevadas en un barrio residencial. Puede haber hielo en calzada y reducción de visibilidad. Portar cadenas y consultar el estado de rutas antes de viajar. Se aconseja manejar con cadenas y luces bajas.,Nevada,-39.039237,-67.605264,8/26/2024
"Alerta por robos en Venado Tuerto, Santa Fe: piden reforzar cuidados","Se reportan (al mediodía) hechos de inseguridad en un puente/viaducto. Vecinos solicitan mayor presencia policial. Evitar exhibir objetos de valor y denunciar al 911. Si tenés info actualizada, comentá para ayudar a otros.",Robo,-33.722865,-61.991214,6/6/2025
"Corte de luz en Caucete, San Juan: cuadrillas revisan la red",Se registran interrupciones del servicio eléctrico cerca de un parque/plaza. La empresa distribuidora indicó tareas de reparación. Se sugiere desconectar artefactos sensibles.,Corte de energía,-31.649782,-68.289659,3/23/2025
"Derrame de combustible en Pinamar, Buenos Aires: calzada resbaladiza",Se reporta un derrame de combustible en la zona céntrica. Personal trabaja en la limpieza. Circular con extrema precaución y mantener distancia.,Derrame,-37.114358,-56.884971,10/6/2025
"Corte parcial por protesta en Belén, Catamarca",Vecinos informan una manifestación sobre un acceso principal. Hay cortes parciales/total de calzada y demoras. Se recomienda usar vías alternativas.,Protesta,-27.628021,-67.046222,11/4/2024
"Atención: aumento de consultas respiratorias en San Salvador de Jujuy, Jujuy",Vecinos informan alta demanda en guardias en un barrio residencial. Se recomienda uso de barbijo en centros de salud si hay síntomas y ventilar ambientes.,Salud,-24.163292,-65.294172,7/22/2024
"Sismo percibido en Malargüe, Mendoza: sin daños reportados","Usuarios reportan un temblor en un corredor comercial. Por el momento no se informan daños. Mantener la calma y seguir recomendaciones de Defensa Civil. En la región suele registrarse actividad sísmica moderada. Si tenés info actualizada, comentá para ayudar a otros. (esta mañana).",Sismo,-35.455275,-69.609153,9/11/2024
"Ráfagas fuertes en General Roca, Río Negro: caída de ramas y carteles",Se reportan ráfagas intensas en inmediaciones de una escuela. Hay ramas caídas y reducción de visibilidad en algunos tramos. Evitar circular bajo árboles y estructuras inestables.,Vientos fuertes,-39.049118,-67.611863,3/25/2024
"Choque en Mendoza, Mendoza: tránsito reducido","Testigos informan un accidente de tránsito cerca de un parque/plaza. Se recomienda tomar desvíos y respetar indicaciones del personal en el lugar. Si tenés info actualizada, comentá para ayudar a otros.",Accidente vial,-32.90029,-68.850757,5/5/2025
"Incendio en San Martín de los Andes, Neuquén: bomberos trabajan en el lugar","Se reporta (esta mañana) un incendio en un barrio residencial. Bomberos y Defensa Civil acudieron al lugar. Se recomienda evitar la zona y no inhalar humo. Si tenés info actualizada, comentá para ayudar a otros.",Incendio,-40.150457,-71.341602,9/26/2024
"Corte parcial por protesta en San Rafael, Mendoza","Vecinos informan una manifestación cerca de un parque/plaza. Hay cortes parciales/total de calzada y demoras. Se recomienda usar vías alternativas. Si tenés info actualizada, comentá para ayudar a otros.",Protesta,-34.588326,-68.31179,6/6/2024
"Choque en Zárate, Buenos Aires: tránsito reducido","Testigos informan un accidente de tránsito en la zona céntrica. Se recomienda tomar desvíos y respetar indicaciones del personal en el lugar. Si tenés info actualizada, comentá para ayudar a otros.",Accidente vial,-34.08338,-59.052947,8/23/2025
"Alerta por robos en Presidencia Roque Sáenz Peña, Chaco: piden reforzar cuidados",Se reportan hechos de inseguridad sobre un acceso principal. Vecinos solicitan mayor presencia policial. Evitar exhibir objetos de valor y denunciar al 911.,Robo,-26.786887,-60.442672,1/14/2024
"Incendio en Neuquén, Neuquén: bomberos trabajan en el lugar","Se reporta (esta noche) un incendio cerca de un parque/plaza. Bomberos y Defensa Civil acudieron al lugar. Se recomienda evitar la zona y no inhalar humo. Si tenés info actualizada, comentá para ayudar a otros.",Incendio,-38.950289,-68.069189,2/28/2024
"Ráfagas fuertes en Bahía Blanca, Buenos Aires: caída de ramas y carteles","Se reportan ráfagas intensas en un corredor comercial. Hay ramas caídas y reducción de visibilidad en algunos tramos. Evitar circular bajo árboles y estructuras inestables. Si tenés info actualizada, comentá para ayudar a otros.",Vientos fuertes,-38.708128,-62.265517,7/7/2024
"Ráfagas fuertes en Ushuaia, Tierra del Fuego: caída de ramas y carteles","Se reportan ráfagas intensas cerca de una estación de servicio. Hay ramas caídas y reducción de visibilidad en algunos tramos. Evitar circular bajo árboles y estructuras inestables. Si tenés info actualizada, comentá para ayudar a otros.",Vientos fuertes,-54.811567,-68.290754,11/28/2025
"Tormenta con granizo en Campana, Buenos Aires: daños en vehículos",Vecinos reportan caída de granizo en un corredor comercial. Se registran daños menores y demoras. Se recomienda resguardarse y conducir a baja velocidad. (en las últimas horas).,Granizo,-34.17167,-58.971592,11/28/2024
"Choque en Salta, Salta: tránsito reducido","Testigos informan (esta mañana) un accidente de tránsito sobre un acceso principal. Se recomienda tomar desvíos y respetar indicaciones del personal en el lugar. Si tenés info actualizada, comentá para ayudar a otros.",Accidente vial,-24.764999,-65.410098,1/6/2025
"Incendio forestal cerca de Cutral Có, Neuquén: humo visible","Se reporta (esta noche) un foco de incendio en vegetación en un barrio residencial. Brigadistas trabajan para contenerlo. No acercarse a la zona y reportar nuevos focos. El humo puede afectar la visibilidad y la calidad del aire. Si tenés info actualizada, comentá para ayudar a otros.",Incendio forestal,-38.941962,-69.257297,11/15/2025
"Derrame de combustible en Presidencia Roque Sáenz Peña, Chaco: calzada resbaladiza",Se reporta un derrame de combustible cerca de un parque/plaza. Personal trabaja en la limpieza. Circular con extrema precaución y mantener distancia.,Derrame,-26.77289,-60.436701,11/18/2024
"Alerta por robos en Concordia, Entre Ríos: piden reforzar cuidados",Se reportan (esta mañana) hechos de inseguridad en un barrio residencial. Vecinos solicitan mayor presencia policial. Evitar exhibir objetos de valor y denunciar al 911.,Robo,-31.371308,-57.994296,7/24/2025
"Atención: aumento de consultas respiratorias en Gualeguaychú, Entre Ríos","Vecinos informan (esta tarde) alta demanda en guardias en la zona céntrica. Se recomienda uso de barbijo en centros de salud si hay síntomas y ventilar ambientes. Si tenés info actualizada, comentá para ayudar a otros.",Salud,-33.013159,-58.542058,2/7/2025
"Incendio en Pergamino, Buenos Aires: bomberos trabajan en el lugar",Se reporta un incendio en inmediaciones de una escuela. Bomberos y Defensa Civil acudieron al lugar. Se recomienda evitar la zona y no inhalar humo.,Incendio,-33.892198,-60.561591,11/19/2024
"Choque en Jesús María, Córdoba: tránsito reducido","Testigos informan un accidente de tránsito sobre un acceso principal. Se recomienda tomar desvíos y respetar indicaciones del personal en el lugar. Si tenés info actualizada, comentá para ayudar a otros.",Accidente vial,-30.986053,-64.103818,5/6/2024
"Demoras en transporte en Goya, Corrientes","Usuarios informan demoras y cancelaciones en un barrio residencial. Se recomienda consultar estados oficiales y prever tiempos extra. Si tenés info actualizada, comentá para ayudar a otros.",Transporte,-29.112613,-59.249289,1/30/2025
"Atención: aumento de consultas respiratorias en La Rioja, La Rioja",Vecinos informan alta demanda en guardias en inmediaciones de una escuela. Se recomienda uso de barbijo en centros de salud si hay síntomas y ventilar ambientes.,Salud,-29.430688,-66.838656,7/17/2024
"Demoras en transporte en Concordia, Entre Ríos",Usuarios informan (en las últimas horas) demoras y cancelaciones en un puente/viaducto. Se recomienda consultar estados oficiales y prever tiempos extra.,Transporte,-31.394647,-57.991466,6/1/2024
"Incendio forestal cerca de Trelew, Chubut: humo visible",Se reporta un foco de incendio en vegetación cerca de una estación de servicio. Brigadistas trabajan para contenerlo. No acercarse a la zona y reportar nuevos focos. El humo puede afectar la visibilidad y la calidad del aire.,Incendio forestal,-43.237943,-65.295521,2/27/2024
"Deslizamiento de ladera en General Roca, Río Negro: precaución en accesos","Se reporta un deslizamiento de tierra/rocas en un puente/viaducto. Puede haber calzada parcial o totalmente obstruida. Evitar transitar la zona hasta nuevo aviso. Si tenés info actualizada, comentá para ayudar a otros.",Deslizamiento,-39.026908,-67.559336,11/30/2024
"Tormenta con granizo en Santa Rosa, La Pampa: daños en vehículos","Vecinos reportan caída de granizo en inmediaciones de una escuela. Se registran daños menores y demoras. Se recomienda resguardarse y conducir a baja velocidad. Si tenés info actualizada, comentá para ayudar a otros.",Granizo,-36.627605,-64.313985,8/20/2024
"Choque en Oberá, Misiones: tránsito reducido",Testigos informan un accidente de tránsito en la zona céntrica. Se recomienda tomar desvíos y respetar indicaciones del personal en el lugar.,Accidente vial,-27.47171,-55.100219,9/16/2024
"Corte parcial por protesta en Venado Tuerto, Santa Fe","Vecinos informan una manifestación en inmediaciones de una escuela. Hay cortes parciales/total de calzada y demoras. Se recomienda usar vías alternativas. Si tenés info actualizada, comentá para ayudar a otros.",Protesta,-33.755415,-61.948763,12/19/2024
"Corte de luz en Junín, Buenos Aires: cuadrillas revisan la red",Se registran (en las últimas horas) interrupciones del servicio eléctrico en un corredor comercial. La empresa distribuidora indicó tareas de reparación. Se sugiere desconectar artefactos sensibles.,Corte de energía,-34.555049,-60.91653,4/26/2025
"Atención: aumento de consultas respiratorias en Neuquén, Neuquén","Vecinos informan (esta mañana) alta demanda en guardias en un puente/viaducto. Se recomienda uso de barbijo en centros de salud si hay síntomas y ventilar ambientes. Si tenés info actualizada, comentá para ayudar a otros.",Salud,-38.961972,-68.087541,1/27/2024
"Atención: aumento de consultas respiratorias en Río Cuarto, Córdoba","Vecinos informan (esta noche) alta demanda en guardias en un barrio residencial. Se recomienda uso de barbijo en centros de salud si hay síntomas y ventilar ambientes. Si tenés info actualizada, comentá para ayudar a otros.",Salud,-33.114796,-64.361232,5/3/2025
"Sismo percibido en Tafí del Valle, Tucumán: sin daños reportados",Usuarios reportan un temblor en un puente/viaducto. Por el momento no se informan daños. Mantener la calma y seguir recomendaciones de Defensa Civil. Se recomienda revisar instalaciones de gas y electricidad.,Sismo,-26.863609,-65.687363,8/10/2025
"Incendio en Esquel, Chubut: bomberos trabajan en el lugar","Se reporta (al mediodía) un incendio cerca de un parque/plaza. Bomberos y Defensa Civil acudieron al lugar. Se recomienda evitar la zona y no inhalar humo. Si tenés info actualizada, comentá para ayudar a otros.",Incendio,-42.930524,-71.327258,1/6/2025
"Incendio en Oberá, Misiones: bomberos trabajan en el lugar",Se reporta un incendio cerca de un parque/plaza. Bomberos y Defensa Civil acudieron al lugar. Se recomienda evitar la zona y no inhalar humo.,Incendio,-27.473951,-55.123241,4/4/2024
"Alerta por robos en Avellaneda, Buenos Aires: piden reforzar cuidados","Se reportan hechos de inseguridad en un puente/viaducto. Vecinos solicitan mayor presencia policial. Evitar exhibir objetos de valor y denunciar al 911. Si tenés info actualizada, comentá para ayudar a otros.",Robo,-34.654873,-58.393133,1/10/2025
"Sismo percibido en San Salvador de Jujuy, Jujuy: sin daños reportados",Usuarios reportan un temblor en un barrio residencial. Por el momento no se informan daños. Mantener la calma y seguir recomendaciones de Defensa Civil. Se recomienda revisar instalaciones de gas y electricidad. (esta tarde).,Sismo,-24.156302,-65.298568,7/10/2024
"Incendio en Caleta Olivia, Santa Cruz: bomberos trabajan en el lugar",Se reporta un incendio cerca de una estación de servicio. Bomberos y Defensa Civil acudieron al lugar. Se recomienda evitar la zona y no inhalar humo.,Incendio,-46.4201,-67.503999,6/17/2024
"Atención: aumento de consultas respiratorias en Belén, Catamarca",Vecinos informan alta demanda en guardias en un barrio residencial. Se recomienda uso de barbijo en centros de salud si hay síntomas y ventilar ambientes.,Salud,-27.630561,-67.045556,1/24/2024
"Deslizamiento de ladera en Neuquén, Neuquén: precaución en accesos",Se reporta un deslizamiento de tierra/rocas cerca de un parque/plaza. Puede haber calzada parcial o totalmente obstruida. Evitar transitar la zona hasta nuevo aviso.,Deslizamiento,-38.972979,-68.051236,2/1/2024
"Deslizamiento de ladera en Ushuaia, Tierra del Fuego: precaución en accesos","Se reporta (esta noche) un deslizamiento de tierra/rocas en inmediaciones de una escuela. Puede haber calzada parcial o totalmente obstruida. Evitar transitar la zona hasta nuevo aviso. Si tenés info actualizada, comentá para ayudar a otros.",Deslizamiento,-54.82865,-68.286571,12/14/2024
"Deslizamiento de ladera en Puerto Madryn, Chubut: precaución en accesos","Se reporta un deslizamiento de tierra/rocas en inmediaciones de una escuela. Puede haber calzada parcial o totalmente obstruida. Evitar transitar la zona hasta nuevo aviso. Si tenés info actualizada, comentá para ayudar a otros.",Deslizamiento,-42.785271,-65.058007,7/25/2024
"Atención: aumento de consultas respiratorias en Gualeguaychú, Entre Ríos","Vecinos informan alta demanda en guardias sobre un acceso principal. Se recomienda uso de barbijo en centros de salud si hay síntomas y ventilar ambientes. Si tenés info actualizada, comentá para ayudar a otros.",Salud,-32.983894,-58.544047,1/2/2024
"Demoras en transporte en Villa Carlos Paz, Córdoba","Usuarios informan demoras y cancelaciones en la salida hacia la ruta. Se recomienda consultar estados oficiales y prever tiempos extra. Si tenés info actualizada, comentá para ayudar a otros.",Transporte,-31.414677,-64.467943,12/10/2024
"Incendio forestal cerca de Mendoza, Mendoza: humo visible",Se reporta un foco de incendio en vegetación cerca de una estación de servicio. Brigadistas trabajan para contenerlo. No acercarse a la zona y reportar nuevos focos. El humo puede afectar la visibilidad y la calidad del aire.,Incendio forestal,-32.893341,-68.857198,10/12/2025
"Corte de luz en Rosario, Santa Fe: cuadrillas revisan la red",Se registran (esta tarde) interrupciones del servicio eléctrico sobre un acceso principal. La empresa distribuidora indicó tareas de reparación. Se sugiere desconectar artefactos sensibles.,Corte de energía,-32.963184,-60.651717,3/26/2025
"Ráfagas fuertes en San Clemente del Tuyú, Buenos Aires: caída de ramas y carteles","Se reportan (en las últimas horas) ráfagas intensas en inmediaciones de una escuela. Hay ramas caídas y reducción de visibilidad en algunos tramos. Evitar circular bajo árboles y estructuras inestables. Si tenés info actualizada, comentá para ayudar a otros.",Vientos fuertes,-36.356361,-56.72309,8/26/2024
"Calles anegadas en Zárate, Buenos Aires tras lluvias intensas","Vecinos informan anegamientos y acumulación de agua en la salida hacia la ruta. Hay demoras en el tránsito y se solicita circular con precaución. Si tenés info actualizada, comentá para ayudar a otros.",Inundación,-34.111366,-59.016302,2/5/2025
"Atención: aumento de consultas respiratorias en Gualeguaychú, Entre Ríos","Vecinos informan alta demanda en guardias en un corredor comercial. Se recomienda uso de barbijo en centros de salud si hay síntomas y ventilar ambientes. Si tenés info actualizada, comentá para ayudar a otros.",Salud,-32.995692,-58.525932,10/7/2025
"Atención: aumento de consultas respiratorias en Villa Mercedes, San Luis","Vecinos informan alta demanda en guardias en inmediaciones de una escuela. Se recomienda uso de barbijo en centros de salud si hay síntomas y ventilar ambientes. Si tenés info actualizada, comentá para ayudar a otros.",Salud,-33.660904,-65.487565,12/3/2025
"Derrame de combustible en San Francisco, Córdoba: calzada resbaladiza",Se reporta (al mediodía) un derrame de combustible en un área industrial. Personal trabaja en la limpieza. Circular con extrema precaución y mantener distancia.,Derrame,-31.424937,-62.088549,7/5/2024
"Incendio en Formosa, Formosa: bomberos trabajan en el lugar","Se reporta un incendio en un área industrial. Bomberos y Defensa Civil acudieron al lugar. Se recomienda evitar la zona y no inhalar humo. Si tenés info actualizada, comentá para ayudar a otros.",Incendio,-26.185458,-58.183593,1/21/2024
"Nevada en Malargüe, Mendoza: rutas con baja adherencia","Se registran (en las últimas horas) nevadas cerca de un parque/plaza. Puede haber hielo en calzada y reducción de visibilidad. Portar cadenas y consultar el estado de rutas antes de viajar. Se aconseja manejar con cadenas y luces bajas. Si tenés info actualizada, comentá para ayudar a otros.",Nevada,-35.468951,-69.567142,9/23/2024
"Calles anegadas en Zárate, Buenos Aires tras lluvias intensas",Vecinos informan anegamientos y acumulación de agua en un puente/viaducto. Hay demoras en el tránsito y se solicita circular con precaución.,Inundación,-34.13078,-59.005124,10/21/2024
"Corte parcial por protesta en San Salvador de Jujuy, Jujuy","Vecinos informan (esta mañana) una manifestación en la salida hacia la ruta. Hay cortes parciales/total de calzada y demoras. Se recomienda usar vías alternativas. Si tenés info actualizada, comentá para ayudar a otros.",Protesta,-24.171597,-65.321065,11/14/2024
"Corte parcial por protesta en Córdoba, Córdoba","Vecinos informan una manifestación en inmediaciones de una escuela. Hay cortes parciales/total de calzada y demoras. Se recomienda usar vías alternativas. Si tenés info actualizada, comentá para ayudar a otros.",Protesta,-31.395683,-64.212373,5/27/2024
"Corte de luz en Santa Fe, Santa Fe: cuadrillas revisan la red",Se registran (esta noche) interrupciones del servicio eléctrico en la salida hacia la ruta. La empresa distribuidora indicó tareas de reparación. Se sugiere desconectar artefactos sensibles.,Corte de energía,-31.611784,-60.706854,4/5/2024
"Altas temperaturas en Resistencia, Chaco: alertan por golpe de calor","Se reportan (esta mañana) temperaturas elevadas en la zona céntrica. Recomiendan hidratarse, evitar exposición al sol en horas pico y prestar atención a niños y adultos mayores. Protección Civil recomienda evitar actividad física al aire libre por la tarde. Si tenés info actualizada, comentá para ayudar a otros.",Ola de calor,-27.480092,-58.974203,10/7/2025
"Corte de luz en Gualeguaychú, Entre Ríos: cuadrillas revisan la red","Se registran interrupciones del servicio eléctrico en un barrio residencial. La empresa distribuidora indicó tareas de reparación. Se sugiere desconectar artefactos sensibles. Si tenés info actualizada, comentá para ayudar a otros.",Corte de energía,-32.999051,-58.489027,1/4/2025
"Nevada en Trelew, Chubut: rutas con baja adherencia","Se registran (esta mañana) nevadas en la salida hacia la ruta. Puede haber hielo en calzada y reducción de visibilidad. Portar cadenas y consultar el estado de rutas antes de viajar. Se aconseja manejar con cadenas y luces bajas. Si tenés info actualizada, comentá para ayudar a otros.",Nevada,-43.219206,-65.292748,6/28/2024
"Atención: aumento de consultas respiratorias en Salta, Salta",Vecinos informan alta demanda en guardias en un puente/viaducto. Se recomienda uso de barbijo en centros de salud si hay síntomas y ventilar ambientes.,Salud,-24.785368,-65.415868,2/4/2024
"Atención: aumento de consultas respiratorias en Belén, Catamarca","Vecinos informan alta demanda en guardias en un área industrial. Se recomienda uso de barbijo en centros de salud si hay síntomas y ventilar ambientes. Si tenés info actualizada, comentá para ayudar a otros.",Salud,-27.684619,-67.02,11/7/2025
"Atención: aumento de consultas respiratorias en San Miguel de Tucumán, Tucumán",Vecinos informan alta demanda en guardias en la zona céntrica. Se recomienda uso de barbijo en centros de salud si hay síntomas y ventilar ambientes.,Salud,-26.829752,-65.237097,1/27/2025
"Atención: aumento de consultas respiratorias en Caleta Olivia, Santa Cruz",Vecinos informan alta demanda en guardias en un corredor comercial. Se recomienda uso de barbijo en centros de salud si hay síntomas y ventilar ambientes.,Salud,-46.448282,-67.515666,7/12/2024
"Derrame de combustible en Jesús María, Córdoba: calzada resbaladiza",Se reporta un derrame de combustible cerca de un parque/plaza. Personal trabaja en la limpieza. Circular con extrema precaución y mantener distancia.,Derrame,-30.974688,-64.105119,1/20/2025
"Atención: aumento de consultas respiratorias en Neuquén, Neuquén",Vecinos informan alta demanda en guardias en un área industrial. Se recomienda uso de barbijo en centros de salud si hay síntomas y ventilar ambientes.,Salud,-38.940319,-68.070004,7/27/2025
"Choque en San Rafael, Mendoza: tránsito reducido",Testigos informan un accidente de tránsito en un área industrial. Se recomienda tomar desvíos y respetar indicaciones del personal en el lugar.,Accidente vial,-34.631193,-68.304726,3/25/2024
"Sismo percibido en Salta, Salta: sin daños reportados",Usuarios reportan un temblor en un barrio residencial. Por el momento no se informan daños. Mantener la calma y seguir recomendaciones de Defensa Civil. Se recomienda revisar instalaciones de gas y electricidad.,Sismo,-24.776909,-65.427563,1/5/2024
"Calles anegadas en Formosa, Formosa tras lluvias intensas","Vecinos informan (esta noche) anegamientos y acumulación de agua en la salida hacia la ruta. Hay demoras en el tránsito y se solicita circular con precaución. Algunos desagües se vieron superados por la intensidad de la lluvia. Si tenés info actualizada, comentá para ayudar a otros.",Inundación,-26.188692,-58.161817,9/19/2024
"Calles anegadas en Puerto Iguazú, Misiones tras lluvias intensas","Vecinos informan anegamientos y acumulación de agua en la zona céntrica. Hay demoras en el tránsito y se solicita circular con precaución. Si tenés info actualizada, comentá para ayudar a otros.",Inundación,-25.61623,-54.564341,10/11/2024
"Corte parcial por protesta en San Luis, San Luis",Vecinos informan una manifestación en un corredor comercial. Hay cortes parciales/total de calzada y demoras. Se recomienda usar vías alternativas.,Protesta,-33.297395,-66.319291,10/11/2024
"Alerta por robos en San Francisco, Córdoba: piden reforzar cuidados","Se reportan hechos de inseguridad en un barrio residencial. Vecinos solicitan mayor presencia policial. Evitar exhibir objetos de valor y denunciar al 911. Si tenés info actualizada, comentá para ayudar a otros.",Robo,-31.409222,-62.09499,9/8/2025
"Derrame de combustible en Resistencia, Chaco: calzada resbaladiza",Se reporta (en las últimas horas) un derrame de combustible en la salida hacia la ruta. Personal trabaja en la limpieza. Circular con extrema precaución y mantener distancia.,Derrame,-27.479404,-58.988025,3/29/2024
"Nevada en Neuquén, Neuquén: rutas con baja adherencia","Se registran nevadas en un área industrial. Puede haber hielo en calzada y reducción de visibilidad. Portar cadenas y consultar el estado de rutas antes de viajar. Se aconseja manejar con cadenas y luces bajas. Si tenés info actualizada, comentá para ayudar a otros.",Nevada,-38.937852,-68.068506,9/15/2025
"Corte de luz en Posadas, Misiones: cuadrillas revisan la red","Se registran (al mediodía) interrupciones del servicio eléctrico en un corredor comercial. La empresa distribuidora indicó tareas de reparación. Se sugiere desconectar artefactos sensibles. Si tenés info actualizada, comentá para ayudar a otros.",Corte de energía,-27.363666,-55.882848,9/13/2024
"Ráfagas fuertes en San Carlos de Bariloche, Río Negro: caída de ramas y carteles","Se reportan ráfagas intensas en un área industrial. Hay ramas caídas y reducción de visibilidad en algunos tramos. Evitar circular bajo árboles y estructuras inestables. Si tenés info actualizada, comentá para ayudar a otros.",Vientos fuertes,-41.159715,-71.317312,10/1/2025
"Incendio en Neuquén, Neuquén: bomberos trabajan en el lugar",Se reporta un incendio en la salida hacia la ruta. Bomberos y Defensa Civil acudieron al lugar. Se recomienda evitar la zona y no inhalar humo.,Incendio,-38.94068,-68.044416,8/25/2024
"Demoras en transporte en Pinamar, Buenos Aires",Usuarios informan demoras y cancelaciones en un corredor comercial. Se recomienda consultar estados oficiales y prever tiempos extra.,Transporte,-37.12837,-56.850968,7/21/2025
"Choque en Santiago del Estero, Santiago del Estero: tránsito reducido","Testigos informan un accidente de tránsito cerca de un parque/plaza. Se recomienda tomar desvíos y respetar indicaciones del personal en el lugar. Si tenés info actualizada, comentá para ayudar a otros.",Accidente vial,-27.791307,-64.285565,5/24/2025
"Ráfagas fuertes en San Martín de los Andes, Neuquén: caída de ramas y carteles",Se reportan ráfagas intensas en un puente/viaducto. Hay ramas caídas y reducción de visibilidad en algunos tramos. Evitar circular bajo árboles y estructuras inestables.,Vientos fuertes,-40.130313,-71.324501,5/23/2024
"Tormenta con granizo en Quilmes, Buenos Aires: daños en vehículos",Vecinos reportan caída de granizo en la salida hacia la ruta. Se registran daños menores y demoras. Se recomienda resguardarse y conducir a baja velocidad. (esta mañana).,Granizo,-34.73513,-58.255202,10/18/2024
"Derrame de combustible en Oberá, Misiones: calzada resbaladiza",Se reporta un derrame de combustible cerca de un parque/plaza. Personal trabaja en la limpieza. Circular con extrema precaución y mantener distancia.,Derrame,-27.484406,-55.097246,11/16/2025
"Atención: aumento de consultas respiratorias en San Juan, San Juan","Vecinos informan alta demanda en guardias sobre un acceso principal. Se recomienda uso de barbijo en centros de salud si hay síntomas y ventilar ambientes. Si tenés info actualizada, comentá para ayudar a otros.",Salud,-31.552847,-68.508027,3/6/2024
"Corte parcial por protesta en San Luis, San Luis","Vecinos informan una manifestación en un barrio residencial. Hay cortes parciales/total de calzada y demoras. Se recomienda usar vías alternativas. Si tenés info actualizada, comentá para ayudar a otros.",Protesta,-33.32461,-66.31759,11/16/2025
"Choque en Paraná, Entre Ríos: tránsito reducido",Testigos informan (esta mañana) un accidente de tránsito en un área industrial. Se recomienda tomar desvíos y respetar indicaciones del personal en el lugar.,Accidente vial,-31.715705,-60.542247,10/14/2024
"Alerta por robos en La Plata, Buenos Aires: piden reforzar cuidados","Se reportan hechos de inseguridad en la salida hacia la ruta. Vecinos solicitan mayor presencia policial. Evitar exhibir objetos de valor y denunciar al 911. Si tenés info actualizada, comentá para ayudar a otros.",Robo,-34.919434,-57.973656,8/9/2025
"Incendio en San Carlos de Bariloche, Río Negro: bomberos trabajan en el lugar",Se reporta (en las últimas horas) un incendio sobre un acceso principal. Bomberos y Defensa Civil acudieron al lugar. Se recomienda evitar la zona y no inhalar humo.,Incendio,-41.106116,-71.299811,1/28/2025
"Atención: aumento de consultas respiratorias en Villa Carlos Paz, Córdoba","Vecinos informan alta demanda en guardias en la salida hacia la ruta. Se recomienda uso de barbijo en centros de salud si hay síntomas y ventilar ambientes. Si tenés info actualizada, comentá para ayudar a otros.",Salud,-31.436776,-64.518925,1/7/2025
"Incendio en Bahía Blanca, Buenos Aires: bomberos trabajan en el lugar",Se reporta un incendio en la salida hacia la ruta. Bomberos y Defensa Civil acudieron al lugar. Se recomienda evitar la zona y no inhalar humo.,Incendio,-38.739933,-62.258836,7/18/2025
"Altas temperaturas en Puerto Iguazú, Misiones: alertan por golpe de calor","Se reportan (al mediodía) temperaturas elevadas en un corredor comercial. Recomiendan hidratarse, evitar exposición al sol en horas pico y prestar atención a niños y adultos mayores. Protección Civil recomienda evitar actividad física al aire libre por la tarde. Si tenés info actualizada, comentá para ayudar a otros.",Ola de calor,-25.622476,-54.555789,5/7/2024
"Deslizamiento de ladera en Caleta Olivia, Santa Cruz: precaución en accesos","Se reporta un deslizamiento de tierra/rocas en un área industrial. Puede haber calzada parcial o totalmente obstruida. Evitar transitar la zona hasta nuevo aviso. Si tenés info actualizada, comentá para ayudar a otros.",Deslizamiento,-46.4422,-67.512998,2/29/2024
"Choque en Formosa, Formosa: tránsito reducido","Testigos informan un accidente de tránsito en la zona céntrica. Se recomienda tomar desvíos y respetar indicaciones del personal en el lugar. Si tenés info actualizada, comentá para ayudar a otros.",Accidente vial,-26.200711,-58.199845,5/3/2025
"Nevada en Jáchal, San Juan: rutas con baja adherencia",Se registran (esta mañana) nevadas cerca de un parque/plaza. Puede haber hielo en calzada y reducción de visibilidad. Portar cadenas y consultar el estado de rutas antes de viajar. Se aconseja manejar con cadenas y luces bajas.,Nevada,-30.242542,-68.746515,2/8/2024
"Corte de luz en Mendoza, Mendoza: cuadrillas revisan la red","Se registran (esta mañana) interrupciones del servicio eléctrico en inmediaciones de una escuela. La empresa distribuidora indicó tareas de reparación. Se sugiere desconectar artefactos sensibles. Si tenés info actualizada, comentá para ayudar a otros.",Corte de energía,-32.899171,-68.87107,11/11/2024
"Choque en Presidencia Roque Sáenz Peña, Chaco: tránsito reducido","Testigos informan un accidente de tránsito cerca de una estación de servicio. Se recomienda tomar desvíos y respetar indicaciones del personal en el lugar. Si tenés info actualizada, comentá para ayudar a otros.",Accidente vial,-26.759309,-60.46243,6/9/2025
"Corte parcial por protesta en Tandil, Buenos Aires",Vecinos informan una manifestación en un barrio residencial. Hay cortes parciales/total de calzada y demoras. Se recomienda usar vías alternativas.,Protesta,-37.314268,-59.117575,2/29/2024
"Tormenta con granizo en Tandil, Buenos Aires: daños en vehículos","Vecinos reportan caída de granizo en la zona céntrica. Se registran daños menores y demoras. Se recomienda resguardarse y conducir a baja velocidad. Si tenés info actualizada, comentá para ayudar a otros.",Granizo,-37.315794,-59.136062,6/21/2024
"Tormenta con granizo en Villa Mercedes, San Luis: daños en vehículos","Vecinos reportan caída de granizo cerca de un parque/plaza. Se registran daños menores y demoras. Se recomienda resguardarse y conducir a baja velocidad. Si tenés info actualizada, comentá para ayudar a otros.",Granizo,-33.705486,-65.474437,2/11/2025
"Corte de luz en Jesús María, Córdoba: cuadrillas revisan la red",Se registran interrupciones del servicio eléctrico en un corredor comercial. La empresa distribuidora indicó tareas de reparación. Se sugiere desconectar artefactos sensibles.,Corte de energía,-30.991502,-64.108127,11/17/2025
"Derrame de combustible en San Nicolás, Buenos Aires: calzada resbaladiza",Se reporta un derrame de combustible en la salida hacia la ruta. Personal trabaja en la limpieza. Circular con extrema precaución y mantener distancia.,Derrame,-33.355456,-60.236273,7/10/2025
"Corte parcial por protesta en Paraná, Entre Ríos",Vecinos informan (esta mañana) una manifestación en un corredor comercial. Hay cortes parciales/total de calzada y demoras. Se recomienda usar vías alternativas.,Protesta,-31.734011,-60.517763,4/3/2025
"Calles anegadas en Necochea, Buenos Aires tras lluvias intensas","Vecinos informan anegamientos y acumulación de agua cerca de una estación de servicio. Hay demoras en el tránsito y se solicita circular con precaución. Si tenés info actualizada, comentá para ayudar a otros.",Inundación,-38.535401,-58.764491,7/8/2024
"Corte de luz en Río Cuarto, Córdoba: cuadrillas revisan la red","Se registran (esta tarde) interrupciones del servicio eléctrico en un puente/viaducto. La empresa distribuidora indicó tareas de reparación. Se sugiere desconectar artefactos sensibles. Si tenés info actualizada, comentá para ayudar a otros.",Corte de energía,-33.132322,-64.338172,1/10/2025
"Sismo percibido en San Salvador de Jujuy, Jujuy: sin daños reportados","Usuarios reportan un temblor cerca de un parque/plaza. Por el momento no se informan daños. Mantener la calma y seguir recomendaciones de Defensa Civil. Se recomienda revisar instalaciones de gas y electricidad. Si tenés info actualizada, comentá para ayudar a otros. (en las últimas horas).",Sismo,-24.172233,-65.277617,10/14/2025
"Atención: aumento de consultas respiratorias en Ushuaia, Tierra del Fuego","Vecinos informan alta demanda en guardias en un barrio residencial. Se recomienda uso de barbijo en centros de salud si hay síntomas y ventilar ambientes. Si tenés info actualizada, comentá para ayudar a otros.",Salud,-54.79161,-68.332783,2/13/2024
"Altas temperaturas en Rosario, Santa Fe: alertan por golpe de calor","Se reportan temperaturas elevadas en un área industrial. Recomiendan hidratarse, evitar exposición al sol en horas pico y prestar atención a niños y adultos mayores. Protección Civil recomienda evitar actividad física al aire libre por la tarde. Si tenés info actualizada, comentá para ayudar a otros.",Ola de calor,-32.927036,-60.628593,8/25/2025
"Incendio forestal cerca de Malargüe, Mendoza: humo visible","Se reporta un foco de incendio en vegetación en inmediaciones de una escuela. Brigadistas trabajan para contenerlo. No acercarse a la zona y reportar nuevos focos. El humo puede afectar la visibilidad y la calidad del aire. Si tenés info actualizada, comentá para ayudar a otros.",Incendio forestal,-35.485257,-69.591878,6/6/2025
"Deslizamiento de ladera en San Carlos de Bariloche, Río Negro: precaución en accesos",Se reporta (esta mañana) un deslizamiento de tierra/rocas en inmediaciones de una escuela. Puede haber calzada parcial o totalmente obstruida. Evitar transitar la zona hasta nuevo aviso.,Deslizamiento,-41.138373,-71.300451,7/8/2024
"Choque en Avellaneda, Buenos Aires: tránsito reducido",Testigos informan un accidente de tránsito en un barrio residencial. Se recomienda tomar desvíos y respetar indicaciones del personal en el lugar.,Accidente vial,-34.644238,-58.365556,9/11/2024
"Sismo percibido en Chilecito, La Rioja: sin daños reportados","Usuarios reportan un temblor en un corredor comercial. Por el momento no se informan daños. Mantener la calma y seguir recomendaciones de Defensa Civil. Se recomienda revisar instalaciones de gas y electricidad. Si tenés info actualizada, comentá para ayudar a otros.",Sismo,-29.154979,-67.480886,5/9/2025
"Derrame de combustible en Presidencia Roque Sáenz Peña, Chaco: calzada resbaladiza","Se reporta (esta tarde) un derrame de combustible en inmediaciones de una escuela. Personal trabaja en la limpieza. Circular con extrema precaución y mantener distancia. Si tenés info actualizada, comentá para ayudar a otros.",Derrame,-26.771198,-60.456357,8/27/2024
"Atención: aumento de consultas respiratorias en Río Gallegos, Santa Cruz",Vecinos informan (esta mañana) alta demanda en guardias en un puente/viaducto. Se recomienda uso de barbijo en centros de salud si hay síntomas y ventilar ambientes.,Salud,-51.632494,-69.222222,3/23/2025
"Ráfagas fuertes en Luján, Buenos Aires: caída de ramas y carteles","Se reportan (al mediodía) ráfagas intensas en un puente/viaducto. Hay ramas caídas y reducción de visibilidad en algunos tramos. Evitar circular bajo árboles y estructuras inestables. Si tenés info actualizada, comentá para ayudar a otros.",Vientos fuertes,-34.57104,-59.112944,10/3/2024
"Corte de luz en Tandil, Buenos Aires: cuadrillas revisan la red",Se registran interrupciones del servicio eléctrico en un puente/viaducto. La empresa distribuidora indicó tareas de reparación. Se sugiere desconectar artefactos sensibles.,Corte de energía,-37.332445,-59.141426,11/17/2024
"Altas temperaturas en San Salvador de Jujuy, Jujuy: alertan por golpe de calor","Se reportan temperaturas elevadas en inmediaciones de una escuela. Recomiendan hidratarse, evitar exposición al sol en horas pico y prestar atención a niños y adultos mayores. Protección Civil recomienda evitar actividad física al aire libre por la tarde. Si tenés info actualizada, comentá para ayudar a otros.",Ola de calor,-24.201077,-65.327298,6/26/2024
"Sismo percibido en Jáchal, San Juan: sin daños reportados","Usuarios reportan un temblor sobre un acceso principal. Por el momento no se informan daños. Mantener la calma y seguir recomendaciones de Defensa Civil. En la región suele registrarse actividad sísmica moderada. Si tenés info actualizada, comentá para ayudar a otros.",Sismo,-30.239146,-68.770018,10/5/2024
"Demoras en transporte en Campana, Buenos Aires",Usuarios informan demoras y cancelaciones en inmediaciones de una escuela. Se recomienda consultar estados oficiales y prever tiempos extra.,Transporte,-34.179449,-58.942275,1/15/2025
"Ráfagas fuertes en San Martín de los Andes, Neuquén: caída de ramas y carteles",Se reportan (esta mañana) ráfagas intensas en la zona céntrica. Hay ramas caídas y reducción de visibilidad en algunos tramos. Evitar circular bajo árboles y estructuras inestables.,Vientos fuertes,-40.153135,-71.349037,8/25/2024
"Incendio forestal cerca de Mendoza, Mendoza: humo visible","Se reporta un foco de incendio en vegetación sobre un acceso principal. Brigadistas trabajan para contenerlo. No acercarse a la zona y reportar nuevos focos. El humo puede afectar la visibilidad y la calidad del aire. Si tenés info actualizada, comentá para ayudar a otros.",Incendio forestal,-32.866577,-68.868523,8/8/2025
"Demoras en transporte en Santa Fe, Santa Fe","Usuarios informan (esta tarde) demoras y cancelaciones cerca de un parque/plaza. Se recomienda consultar estados oficiales y prever tiempos extra. Si tenés info actualizada, comentá para ayudar a otros.",Transporte,-31.60371,-60.675091,1/16/2024
"Derrame de combustible en Corrientes, Corrientes: calzada resbaladiza","Se reporta un derrame de combustible en la salida hacia la ruta. Personal trabaja en la limpieza. Circular con extrema precaución y mantener distancia. Si tenés info actualizada, comentá para ayudar a otros.",Derrame,-27.484586,-58.825365,1/21/2025
"Deslizamiento de ladera en Esquel, Chubut: precaución en accesos","Se reporta un deslizamiento de tierra/rocas en inmediaciones de una escuela. Puede haber calzada parcial o totalmente obstruida. Evitar transitar la zona hasta nuevo aviso. Si tenés info actualizada, comentá para ayudar a otros.",Deslizamiento,-42.914251,-71.28978,2/25/2024
"Choque en Gualeguaychú, Entre Ríos: tránsito reducido",Testigos informan un accidente de tránsito en un área industrial. Se recomienda tomar desvíos y respetar indicaciones del personal en el lugar.,Accidente vial,-32.98887,-58.514299,1/31/2025
"Atención: aumento de consultas respiratorias en Ushuaia, Tierra del Fuego",Vecinos informan alta demanda en guardias cerca de un parque/plaza. Se recomienda uso de barbijo en centros de salud si hay síntomas y ventilar ambientes.,Salud,-54.81326,-68.280729,12/10/2025
"Calles anegadas en Santa Fe, Santa Fe tras lluvias intensas","Vecinos informan anegamientos y acumulación de agua cerca de una estación de servicio. Hay demoras en el tránsito y se solicita circular con precaución. Algunos desagües se vieron superados por la intensidad de la lluvia. Si tenés info actualizada, comentá para ayudar a otros.",Inundación,-31.632833,-60.712643,12/22/2024
"Incendio en Santiago del Estero, Santiago del Estero: bomberos trabajan en el lugar","Se reporta (esta tarde) un incendio en un corredor comercial. Bomberos y Defensa Civil acudieron al lugar. Se recomienda evitar la zona y no inhalar humo. Si tenés info actualizada, comentá para ayudar a otros.",Incendio,-27.773428,-64.278929,1/31/2025
"Atención: aumento de consultas respiratorias en Clorinda, Formosa","Vecinos informan (esta tarde) alta demanda en guardias en inmediaciones de una escuela. Se recomienda uso de barbijo en centros de salud si hay síntomas y ventilar ambientes. Si tenés info actualizada, comentá para ayudar a otros.",Salud,-25.268398,-57.726038,6/28/2025
"Derrame de combustible en Formosa, Formosa: calzada resbaladiza","Se reporta un derrame de combustible en un barrio residencial. Personal trabaja en la limpieza. Circular con extrema precaución y mantener distancia. Si tenés info actualizada, comentá para ayudar a otros.",Derrame,-26.157786,-58.183749,2/15/2025
"Corte parcial por protesta en Mendoza, Mendoza","Vecinos informan (al mediodía) una manifestación cerca de un parque/plaza. Hay cortes parciales/total de calzada y demoras. Se recomienda usar vías alternativas. Si tenés info actualizada, comentá para ayudar a otros.",Protesta,-32.872102,-68.848365,1/18/2025
"Derrame de combustible en Bahía Blanca, Buenos Aires: calzada resbaladiza",Se reporta (esta noche) un derrame de combustible sobre un acceso principal. Personal trabaja en la limpieza. Circular con extrema precaución y mantener distancia.,Derrame,-38.709058,-62.272579,4/28/2025
"Choque en Chilecito, La Rioja: tránsito reducido",Testigos informan un accidente de tránsito en un barrio residencial. Se recomienda tomar desvíos y respetar indicaciones del personal en el lugar.,Accidente vial,-29.181977,-67.491326,5/19/2024
"Corte parcial por protesta en Santiago del Estero, Santiago del Estero",Vecinos informan (en las últimas horas) una manifestación en un corredor comercial. Hay cortes parciales/total de calzada y demoras. Se recomienda usar vías alternativas.,Protesta,-27.817059,-64.262497,9/23/2025
"Altas temperaturas en Rafaela, Santa Fe: alertan por golpe de calor","Se reportan temperaturas elevadas en inmediaciones de una escuela. Recomiendan hidratarse, evitar exposición al sol en horas pico y prestar atención a niños y adultos mayores. Protección Civil recomienda evitar actividad física al aire libre por la tarde.",Ola de calor,-31.245598,-61.474204,8/8/2025
"Corte parcial por protesta en Orán, Salta",Vecinos informan una manifestación en un puente/viaducto. Hay cortes parciales/total de calzada y demoras. Se recomienda usar vías alternativas.,Protesta,-23.145659,-64.326192,6/17/2024
"Calles anegadas en Concordia, Entre Ríos tras lluvias intensas",Vecinos informan anegamientos y acumulación de agua en un área industrial. Hay demoras en el tránsito y se solicita circular con precaución. Algunos desagües se vieron superados por la intensidad de la lluvia.,Inundación,-31.381466,-58.02017,5/31/2024
"Atención: aumento de consultas respiratorias en San Fernando del Valle de Catamarca, Catamarca","Vecinos informan alta demanda en guardias en un corredor comercial. Se recomienda uso de barbijo en centros de salud si hay síntomas y ventilar ambientes. Si tenés info actualizada, comentá para ayudar a otros.",Salud,-28.485814,-65.809984,12/6/2025
"Ráfagas fuertes en Puerto Madryn, Chubut: caída de ramas y carteles","Se reportan ráfagas intensas sobre un acceso principal. Hay ramas caídas y reducción de visibilidad en algunos tramos. Evitar circular bajo árboles y estructuras inestables. Si tenés info actualizada, comentá para ayudar a otros.",Vientos fuertes,-42.763003,-65.060598,1/16/2025
"Choque en Mar del Plata, Buenos Aires: tránsito reducido","Testigos informan un accidente de tránsito en un barrio residencial. Se recomienda tomar desvíos y respetar indicaciones del personal en el lugar. Si tenés info actualizada, comentá para ayudar a otros.",Accidente vial,-37.995205,-57.554558,3/30/2024
"Deslizamiento de ladera en Orán, Salta: precaución en accesos",Se reporta (esta mañana) un deslizamiento de tierra/rocas en inmediaciones de una escuela. Puede haber calzada parcial o totalmente obstruida. Evitar transitar la zona hasta nuevo aviso.,Deslizamiento,-23.12357,-64.33944,4/3/2024
"Choque en Pinamar, Buenos Aires: tránsito reducido",Testigos informan (en las últimas horas) un accidente de tránsito en un área industrial. Se recomienda tomar desvíos y respetar indicaciones del personal en el lugar.,Accidente vial,-37.11016,-56.844836,4/11/2025
"Incendio forestal cerca de San Carlos de Bariloche, Río Negro: humo visible",Se reporta un foco de incendio en vegetación en inmediaciones de una escuela. Brigadistas trabajan para contenerlo. No acercarse a la zona y reportar nuevos focos. El humo puede afectar la visibilidad y la calidad del aire.,Incendio forestal,-41.148633,-71.298598,2/9/2025
"Choque en Paraná, Entre Ríos: tránsito reducido",Testigos informan un accidente de tránsito cerca de un parque/plaza. Se recomienda tomar desvíos y respetar indicaciones del personal en el lugar.,Accidente vial,-31.743609,-60.517424,1/28/2024
"Incendio forestal cerca de San Francisco, Córdoba: humo visible","Se reporta un foco de incendio en vegetación cerca de una estación de servicio. Brigadistas trabajan para contenerlo. No acercarse a la zona y reportar nuevos focos. El humo puede afectar la visibilidad y la calidad del aire. Si tenés info actualizada, comentá para ayudar a otros.",Incendio forestal,-31.418421,-62.088337,6/21/2025
"Choque en Jáchal, San Juan: tránsito reducido",Testigos informan (al mediodía) un accidente de tránsito cerca de un parque/plaza. Se recomienda tomar desvíos y respetar indicaciones del personal en el lugar.,Accidente vial,-30.230479,-68.761776,8/7/2025
"Incendio forestal cerca de Ushuaia, Tierra del Fuego: humo visible",Se reporta un foco de incendio en vegetación en un puente/viaducto. Brigadistas trabajan para contenerlo. No acercarse a la zona y reportar nuevos focos.,Incendio forestal,-54.809287,-68.298281,8/10/2024
"Choque en Ciudad Autónoma de Buenos Aires, CABA: tránsito reducido",Testigos informan (en las últimas horas) un accidente de tránsito en inmediaciones de una escuela. Se recomienda tomar desvíos y respetar indicaciones del personal en el lugar.,Accidente vial,-34.597609,-58.374038,5/8/2024
"Atención: aumento de consultas respiratorias en Avellaneda, Buenos Aires",Vecinos informan alta demanda en guardias en un barrio residencial. Se recomienda uso de barbijo en centros de salud si hay síntomas y ventilar ambientes.,Salud,-34.642189,-58.370399,11/20/2025
"Corte de luz en San Juan, San Juan: cuadrillas revisan la red","Se registran interrupciones del servicio eléctrico cerca de una estación de servicio. La empresa distribuidora indicó tareas de reparación. Se sugiere desconectar artefactos sensibles. Si tenés info actualizada, comentá para ayudar a otros.",Corte de energía,-31.558554,-68.553129,3/20/2025
"Incendio en Salta, Salta: bomberos trabajan en el lugar",Se reporta un incendio cerca de una estación de servicio. Bomberos y Defensa Civil acudieron al lugar. Se recomienda evitar la zona y no inhalar humo.,Incendio,-24.802425,-65.418017,7/16/2024
"Demoras en transporte en San Clemente del Tuyú, Buenos Aires","Usuarios informan demoras y cancelaciones en un barrio residencial. Se recomienda consultar estados oficiales y prever tiempos extra. Si tenés info actualizada, comentá para ayudar a otros.",Transporte,-36.374946,-56.750801,10/23/2025
"Sismo percibido en Malargüe, Mendoza: sin daños reportados",Usuarios reportan un temblor sobre un acceso principal. Por el momento no se informan daños. Mantener la calma y seguir recomendaciones de Defensa Civil. En la región suele registrarse actividad sísmica moderada.,Sismo,-35.467675,-69.578631,8/9/2025
"Calles anegadas en Puerto Iguazú, Misiones tras lluvias intensas",Vecinos informan anegamientos y acumulación de agua cerca de un parque/plaza. Hay demoras en el tránsito y se solicita circular con precaución.,Inundación,-25.619642,-54.585179,9/15/2024
"Atención: aumento de consultas respiratorias en Córdoba, Córdoba","Vecinos informan (esta tarde) alta demanda en guardias en la zona céntrica. Se recomienda uso de barbijo en centros de salud si hay síntomas y ventilar ambientes. Si tenés info actualizada, comentá para ayudar a otros.",Salud,-31.434939,-64.213623,5/16/2025
"Choque en Ciudad Autónoma de Buenos Aires, CABA: tránsito reducido","Testigos informan (esta noche) un accidente de tránsito cerca de un parque/plaza. Se recomienda tomar desvíos y respetar indicaciones del personal en el lugar. Si tenés info actualizada, comentá para ayudar a otros.",Accidente vial,-34.626855,-58.398192,1/9/2024
"Alerta por robos en Concordia, Entre Ríos: piden reforzar cuidados",Se reportan hechos de inseguridad cerca de un parque/plaza. Vecinos solicitan mayor presencia policial. Evitar exhibir objetos de valor y denunciar al 911.,Robo,-31.410259,-58.0487,2/1/2025
"Ráfagas fuertes en Campana, Buenos Aires: caída de ramas y carteles","Se reportan ráfagas intensas en inmediaciones de una escuela. Hay ramas caídas y reducción de visibilidad en algunos tramos. Evitar circular bajo árboles y estructuras inestables. Si tenés info actualizada, comentá para ayudar a otros.",Vientos fuertes,-34.142119,-58.944316,11/24/2025
"Nevada en Cutral Có, Neuquén: rutas con baja adherencia","Se registran nevadas en inmediaciones de una escuela. Puede haber hielo en calzada y reducción de visibilidad. Portar cadenas y consultar el estado de rutas antes de viajar. Se aconseja manejar con cadenas y luces bajas. Si tenés info actualizada, comentá para ayudar a otros.",Nevada,-38.914721,-69.236838,11/7/2025
"Nevada en Neuquén, Neuquén: rutas con baja adherencia",Se registran nevadas en un área industrial. Puede haber hielo en calzada y reducción de visibilidad. Portar cadenas y consultar el estado de rutas antes de viajar. Se aconseja manejar con cadenas y luces bajas.,Nevada,-38.951083,-68.081996,12/2/2025
"Incendio en La Plata, Buenos Aires: bomberos trabajan en el lugar",Se reporta un incendio en inmediaciones de una escuela. Bomberos y Defensa Civil acudieron al lugar. Se recomienda evitar la zona y no inhalar humo.,Incendio,-34.900815,-57.956301,5/14/2024
"Incendio forestal cerca de Villa Mercedes, San Luis: humo visible",Se reporta un foco de incendio en vegetación cerca de una estación de servicio. Brigadistas trabajan para contenerlo. No acercarse a la zona y reportar nuevos focos.,Incendio forestal,-33.666232,-65.486486,3/28/2025
"Deslizamiento de ladera en Esquel, Chubut: precaución en accesos","Se reporta (esta mañana) un deslizamiento de tierra/rocas sobre un acceso principal. Puede haber calzada parcial o totalmente obstruida. Evitar transitar la zona hasta nuevo aviso. Si tenés info actualizada, comentá para ayudar a otros.",Deslizamiento,-42.925784,-71.30156,11/9/2024
"Incendio en San Salvador de Jujuy, Jujuy: bomberos trabajan en el lugar",Se reporta (esta tarde) un incendio en un barrio residencial. Bomberos y Defensa Civil acudieron al lugar. Se recomienda evitar la zona y no inhalar humo.,Incendio,-24.214291,-65.286057,1/12/2025
"Atención: aumento de consultas respiratorias en Campana, Buenos Aires",Vecinos informan alta demanda en guardias en un corredor comercial. Se recomienda uso de barbijo en centros de salud si hay síntomas y ventilar ambientes.,Salud,-34.183532,-58.961361,5/13/2025
"Corte parcial por protesta en Concordia, Entre Ríos","Vecinos informan (esta noche) una manifestación sobre un acceso principal. Hay cortes parciales/total de calzada y demoras. Se recomienda usar vías alternativas. Si tenés info actualizada, comentá para ayudar a otros.",Protesta,-31.384025,-58.000946,2/6/2025
"Calles anegadas en Rafaela, Santa Fe tras lluvias intensas","Vecinos informan anegamientos y acumulación de agua en un área industrial. Hay demoras en el tránsito y se solicita circular con precaución. Algunos desagües se vieron superados por la intensidad de la lluvia. Si tenés info actualizada, comentá para ayudar a otros.",Inundación,-31.230164,-61.508818,3/27/2025
"Derrame de combustible en Rafaela, Santa Fe: calzada resbaladiza",Se reporta (al mediodía) un derrame de combustible cerca de una estación de servicio. Personal trabaja en la limpieza. Circular con extrema precaución y mantener distancia.,Derrame,-31.22629,-61.467157,8/31/2024
"Ráfagas fuertes en Mar del Plata, Buenos Aires: caída de ramas y carteles","Se reportan ráfagas intensas en un barrio residencial. Hay ramas caídas y reducción de visibilidad en algunos tramos. Evitar circular bajo árboles y estructuras inestables. Si tenés info actualizada, comentá para ayudar a otros.",Vientos fuertes,-37.980563,-57.554433,8/23/2025
"Calles anegadas en Concordia, Entre Ríos tras lluvias intensas","Vecinos informan anegamientos y acumulación de agua en la salida hacia la ruta. Hay demoras en el tránsito y se solicita circular con precaución. Algunos desagües se vieron superados por la intensidad de la lluvia. Si tenés info actualizada, comentá para ayudar a otros.",Inundación,-31.42164,-58.028372,5/9/2024
"Incendio en Santa Fe, Santa Fe: bomberos trabajan en el lugar","Se reporta (esta mañana) un incendio en la zona céntrica. Bomberos y Defensa Civil acudieron al lugar. Se recomienda evitar la zona y no inhalar humo. Si tenés info actualizada, comentá para ayudar a otros.",Incendio,-31.614393,-60.696835,9/10/2025
"Altas temperaturas en Formosa, Formosa: alertan por golpe de calor","Se reportan temperaturas elevadas en la salida hacia la ruta. Recomiendan hidratarse, evitar exposición al sol en horas pico y prestar atención a niños y adultos mayores. Protección Civil recomienda evitar actividad física al aire libre por la tarde. Si tenés info actualizada, comentá para ayudar a otros.",Ola de calor,-26.196435,-58.14754,7/30/2025
"Sismo percibido en Chilecito, La Rioja: sin daños reportados",Usuarios reportan un temblor en inmediaciones de una escuela. Por el momento no se informan daños. Mantener la calma y seguir recomendaciones de Defensa Civil. Se recomienda revisar instalaciones de gas y electricidad.,Sismo,-29.191474,-67.526159,12/11/2025
"Alerta por robos en Rafaela, Santa Fe: piden reforzar cuidados","Se reportan hechos de inseguridad en inmediaciones de una escuela. Vecinos solicitan mayor presencia policial. Evitar exhibir objetos de valor y denunciar al 911. Si tenés info actualizada, comentá para ayudar a otros.",Robo,-31.265702,-61.485859,11/2/2024
"Incendio en Río Grande, Tierra del Fuego: bomberos trabajan en el lugar",Se reporta un incendio en un barrio residencial. Bomberos y Defensa Civil acudieron al lugar. Se recomienda evitar la zona y no inhalar humo.,Incendio,-53.803268,-67.734104,6/4/2025
"Choque en Avellaneda, Buenos Aires: tránsito reducido","Testigos informan un accidente de tránsito en un puente/viaducto. Se recomienda tomar desvíos y respetar indicaciones del personal en el lugar. Si tenés info actualizada, comentá para ayudar a otros.",Accidente vial,-34.660316,-58.360894,9/4/2025
"Derrame de combustible en Villa Mercedes, San Luis: calzada resbaladiza",Se reporta un derrame de combustible en inmediaciones de una escuela. Personal trabaja en la limpieza. Circular con extrema precaución y mantener distancia.,Derrame,-33.657604,-65.479705,7/14/2025
"Incendio en Clorinda, Formosa: bomberos trabajan en el lugar","Se reporta un incendio en un barrio residencial. Bomberos y Defensa Civil acudieron al lugar. Se recomienda evitar la zona y no inhalar humo. Si tenés info actualizada, comentá para ayudar a otros.",Incendio,-25.297378,-57.706609,7/17/2024
"Corte parcial por protesta en San Fernando del Valle de Catamarca, Catamarca","Vecinos informan una manifestación en un barrio residencial. Hay cortes parciales/total de calzada y demoras. Se recomienda usar vías alternativas. Si tenés info actualizada, comentá para ayudar a otros.",Protesta,-28.488533,-65.77668,6/25/2025
"Ráfagas fuertes en Tandil, Buenos Aires: caída de ramas y carteles","Se reportan ráfagas intensas en la salida hacia la ruta. Hay ramas caídas y reducción de visibilidad en algunos tramos. Evitar circular bajo árboles y estructuras inestables. Si tenés info actualizada, comentá para ayudar a otros.",Vientos fuertes,-37.336324,-59.124929,10/27/2025
"Corte parcial por protesta en Oberá, Misiones","Vecinos informan una manifestación en un corredor comercial. Hay cortes parciales/total de calzada y demoras. Se recomienda usar vías alternativas. Si tenés info actualizada, comentá para ayudar a otros.",Protesta,-27.508548,-55.118264,12/11/2024
"Calles anegadas en San Nicolás, Buenos Aires tras lluvias intensas",Vecinos informan (en las últimas horas) anegamientos y acumulación de agua sobre un acceso principal. Hay demoras en el tránsito y se solicita circular con precaución.,Inundación,-33.308485,-60.190497,10/1/2024
"Corte de luz en Necochea, Buenos Aires: cuadrillas revisan la red",Se registran interrupciones del servicio eléctrico en inmediaciones de una escuela. La empresa distribuidora indicó tareas de reparación. Se sugiere desconectar artefactos sensibles.,Corte de energía,-38.521584,-58.754963,7/12/2025
"Incendio en Santiago del Estero, Santiago del Estero: bomberos trabajan en el lugar",Se reporta un incendio cerca de una estación de servicio. Bomberos y Defensa Civil acudieron al lugar. Se recomienda evitar la zona y no inhalar humo.,Incendio,-27.796395,-64.23961,6/21/2025
"Choque en Belén, Catamarca: tránsito reducido",Testigos informan (esta mañana) un accidente de tránsito en un puente/viaducto. Se recomienda tomar desvíos y respetar indicaciones del personal en el lugar.,Accidente vial,-27.66995,-67.034311,1/13/2024
"Alerta por robos en Venado Tuerto, Santa Fe: piden reforzar cuidados","Se reportan hechos de inseguridad en la zona céntrica. Vecinos solicitan mayor presencia policial. Evitar exhibir objetos de valor y denunciar al 911. Si tenés info actualizada, comentá para ayudar a otros.",Robo,-33.728418,-61.992365,8/21/2024
"Incendio en Puerto Madryn, Chubut: bomberos trabajan en el lugar","Se reporta un incendio en un área industrial. Bomberos y Defensa Civil acudieron al lugar. Se recomienda evitar la zona y no inhalar humo. Si tenés info actualizada, comentá para ayudar a otros.",Incendio,-42.76428,-65.038257,9/9/2024
"Incendio en Neuquén, Neuquén: bomberos trabajan en el lugar",Se reporta (esta mañana) un incendio en un puente/viaducto. Bomberos y Defensa Civil acudieron al lugar. Se recomienda evitar la zona y no inhalar humo.,Incendio,-38.935723,-68.053647,10/5/2025
"Choque en San Clemente del Tuyú, Buenos Aires: tránsito reducido",Testigos informan (en las últimas horas) un accidente de tránsito cerca de una estación de servicio. Se recomienda tomar desvíos y respetar indicaciones del personal en el lugar.,Accidente vial,-36.359129,-56.732357,6/13/2024
"Atención: aumento de consultas respiratorias en Tafí del Valle, Tucumán",Vecinos informan alta demanda en guardias en un puente/viaducto. Se recomienda uso de barbijo en centros de salud si hay síntomas y ventilar ambientes.,Salud,-26.833552,-65.705795,11/29/2024
"Demoras en transporte en Puerto Iguazú, Misiones","Usuarios informan (esta tarde) demoras y cancelaciones en un barrio residencial. Se recomienda consultar estados oficiales y prever tiempos extra. Si tenés info actualizada, comentá para ayudar a otros.",Transporte,-25.589349,-54.547361,6/20/2025
"Alerta por robos en Gualeguaychú, Entre Ríos: piden reforzar cuidados","Se reportan (en las últimas horas) hechos de inseguridad en un área industrial. Vecinos solicitan mayor presencia policial. Evitar exhibir objetos de valor y denunciar al 911. Si tenés info actualizada, comentá para ayudar a otros.",Robo,-33.028884,-58.540398,12/1/2025
"Choque en San Luis, San Luis: tránsito reducido","Testigos informan (esta tarde) un accidente de tránsito sobre un acceso principal. Se recomienda tomar desvíos y respetar indicaciones del personal en el lugar. Si tenés info actualizada, comentá para ayudar a otros.",Accidente vial,-33.271897,-66.341063,2/17/2024
"Choque en Córdoba, Córdoba: tránsito reducido","Testigos informan un accidente de tránsito cerca de un parque/plaza. Se recomienda tomar desvíos y respetar indicaciones del personal en el lugar. Si tenés info actualizada, comentá para ayudar a otros.",Accidente vial,-31.44903,-64.189955,2/25/2025
"Incendio forestal cerca de Jesús María, Córdoba: humo visible",Se reporta un foco de incendio en vegetación cerca de una estación de servicio. Brigadistas trabajan para contenerlo. No acercarse a la zona y reportar nuevos focos. El humo puede afectar la visibilidad y la calidad del aire.,Incendio forestal,-30.997332,-64.10581,5/18/2025
"Demoras en transporte en Córdoba, Córdoba","Usuarios informan demoras y cancelaciones en la zona céntrica. Se recomienda consultar estados oficiales y prever tiempos extra. Si tenés info actualizada, comentá para ayudar a otros.",Transporte,-31.390308,-64.206646,12/9/2024
"Incendio en Paraná, Entre Ríos: bomberos trabajan en el lugar",Se reporta un incendio en la salida hacia la ruta. Bomberos y Defensa Civil acudieron al lugar. Se recomienda evitar la zona y no inhalar humo.,Incendio,-31.744617,-60.525082,4/11/2024
"Altas temperaturas en Termas de Río Hondo, Santiago del Estero: alertan por golpe de calor","Se reportan temperaturas elevadas en la zona céntrica. Recomiendan hidratarse, evitar exposición al sol en horas pico y prestar atención a niños y adultos mayores. Protección Civil recomienda evitar actividad física al aire libre por la tarde.",Ola de calor,-27.498938,-64.831476,5/26/2025
"Calles anegadas en Venado Tuerto, Santa Fe tras lluvias intensas","Vecinos informan anegamientos y acumulación de agua cerca de un parque/plaza. Hay demoras en el tránsito y se solicita circular con precaución. Algunos desagües se vieron superados por la intensidad de la lluvia. Si tenés info actualizada, comentá para ayudar a otros.",Inundación,-33.745718,-61.972065,5/31/2025
"Atención: aumento de consultas respiratorias en Corrientes, Corrientes",Vecinos informan alta demanda en guardias cerca de un parque/plaza. Se recomienda uso de barbijo en centros de salud si hay síntomas y ventilar ambientes.,Salud,-27.45369,-58.857854,3/7/2025
"Incendio en Rafaela, Santa Fe: bomberos trabajan en el lugar",Se reporta (en las últimas horas) un incendio cerca de un parque/plaza. Bomberos y Defensa Civil acudieron al lugar. Se recomienda evitar la zona y no inhalar humo.,Incendio,-31.254488,-61.51479,10/5/2025
"Tormenta con granizo en Pergamino, Buenos Aires: daños en vehículos","Vecinos reportan caída de granizo en inmediaciones de una escuela. Se registran daños menores y demoras. Se recomienda resguardarse y conducir a baja velocidad. Si tenés info actualizada, comentá para ayudar a otros.",Granizo,-33.889996,-60.548789,8/2/2025
"Derrame de combustible en Villa Mercedes, San Luis: calzada resbaladiza",Se reporta un derrame de combustible en un corredor comercial. Personal trabaja en la limpieza. Circular con extrema precaución y mantener distancia.,Derrame,-33.696925,-65.44378,11/7/2024
"Choque en Tandil, Buenos Aires: tránsito reducido","Testigos informan un accidente de tránsito en la zona céntrica. Se recomienda tomar desvíos y respetar indicaciones del personal en el lugar. Si tenés info actualizada, comentá para ayudar a otros.",Accidente vial,-37.316728,-59.120789,9/7/2024
"Ráfagas fuertes en Ushuaia, Tierra del Fuego: caída de ramas y carteles",Se reportan ráfagas intensas en la salida hacia la ruta. Hay ramas caídas y reducción de visibilidad en algunos tramos. Evitar circular bajo árboles y estructuras inestables.,Vientos fuertes,-54.78882,-68.274231,11/29/2024
"Atención: aumento de consultas respiratorias en San Miguel de Tucumán, Tucumán","Vecinos informan alta demanda en guardias en un barrio residencial. Se recomienda uso de barbijo en centros de salud si hay síntomas y ventilar ambientes. Si tenés info actualizada, comentá para ayudar a otros.",Salud,-26.815159,-65.226836,4/4/2025
"Tormenta con granizo en Quilmes, Buenos Aires: daños en vehículos","Vecinos reportan caída de granizo en la zona céntrica. Se registran daños menores y demoras. Se recomienda resguardarse y conducir a baja velocidad. Si tenés info actualizada, comentá para ayudar a otros.",Granizo,-34.751055,-58.275369,1/1/2024
"Derrame de combustible en Villa Carlos Paz, Córdoba: calzada resbaladiza","Se reporta un derrame de combustible en un puente/viaducto. Personal trabaja en la limpieza. Circular con extrema precaución y mantener distancia. Si tenés info actualizada, comentá para ayudar a otros.",Derrame,-31.397163,-64.495293,2/11/2024
"Demoras en transporte en Goya, Corrientes","Usuarios informan demoras y cancelaciones cerca de una estación de servicio. Se recomienda consultar estados oficiales y prever tiempos extra. Si tenés info actualizada, comentá para ayudar a otros.",Transporte,-29.161756,-59.239262,6/6/2024
"Incendio en General Roca, Río Negro: bomberos trabajan en el lugar",Se reporta un incendio en la zona céntrica. Bomberos y Defensa Civil acudieron al lugar. Se recomienda evitar la zona y no inhalar humo.,Incendio,-39.057445,-67.567314,3/24/2025
"Ráfagas fuertes en Trelew, Chubut: caída de ramas y carteles","Se reportan ráfagas intensas cerca de una estación de servicio. Hay ramas caídas y reducción de visibilidad en algunos tramos. Evitar circular bajo árboles y estructuras inestables. Si tenés info actualizada, comentá para ayudar a otros.",Vientos fuertes,-43.237838,-65.28417,8/3/2025
"Deslizamiento de ladera en Río Gallegos, Santa Cruz: precaución en accesos","Se reporta un deslizamiento de tierra/rocas en un corredor comercial. Puede haber calzada parcial o totalmente obstruida. Evitar transitar la zona hasta nuevo aviso. Si tenés info actualizada, comentá para ayudar a otros.",Deslizamiento,-51.63068,-69.237679,12/12/2025
"Choque en Posadas, Misiones: tránsito reducido",Testigos informan (esta mañana) un accidente de tránsito en inmediaciones de una escuela. Se recomienda tomar desvíos y respetar indicaciones del personal en el lugar.,Accidente vial,-27.347655,-55.874798,11/25/2025
"Sismo percibido en San Salvador de Jujuy, Jujuy: sin daños reportados","Usuarios reportan un temblor en un barrio residencial. Por el momento no se informan daños. Mantener la calma y seguir recomendaciones de Defensa Civil. Se recomienda revisar instalaciones de gas y electricidad. Si tenés info actualizada, comentá para ayudar a otros.",Sismo,-24.205008,-65.317058,1/7/2024
"Corte de luz en Rosario, Santa Fe: cuadrillas revisan la red","Se registran (esta noche) interrupciones del servicio eléctrico sobre un acceso principal. La empresa distribuidora indicó tareas de reparación. Se sugiere desconectar artefactos sensibles. Si tenés info actualizada, comentá para ayudar a otros.",Corte de energía,-32.936648,-60.673497,2/10/2025
"Deslizamiento de ladera en Puerto Madryn, Chubut: precaución en accesos",Se reporta un deslizamiento de tierra/rocas en la salida hacia la ruta. Puede haber calzada parcial o totalmente obstruida. Evitar transitar la zona hasta nuevo aviso.,Deslizamiento,-42.767296,-65.026536,5/10/2024
"Tormenta con granizo en Villa Carlos Paz, Córdoba: daños en vehículos","Vecinos reportan caída de granizo en la salida hacia la ruta. Se registran daños menores y demoras. Se recomienda resguardarse y conducir a baja velocidad. Si tenés info actualizada, comentá para ayudar a otros.",Granizo,-31.440151,-64.508279,10/16/2024
"Derrame de combustible en San Isidro, Buenos Aires: calzada resbaladiza",Se reporta un derrame de combustible en un área industrial. Personal trabaja en la limpieza. Circular con extrema precaución y mantener distancia.,Derrame,-34.473821,-58.52459,3/13/2025
"Nevada en Ushuaia, Tierra del Fuego: rutas con baja adherencia","Se registran nevadas en un barrio residencial. Puede haber hielo en calzada y reducción de visibilidad. Portar cadenas y consultar el estado de rutas antes de viajar. Se aconseja manejar con cadenas y luces bajas. Si tenés info actualizada, comentá para ayudar a otros.",Nevada,-54.793438,-68.302331,7/14/2024
"Derrame de combustible en Venado Tuerto, Santa Fe: calzada resbaladiza",Se reporta un derrame de combustible en la salida hacia la ruta. Personal trabaja en la limpieza. Circular con extrema precaución y mantener distancia.,Derrame,-33.732197,-61.992943,2/5/2025
"Derrame de combustible en Luján, Buenos Aires: calzada resbaladiza","Se reporta (esta noche) un derrame de combustible en un corredor comercial. Personal trabaja en la limpieza. Circular con extrema precaución y mantener distancia. Si tenés info actualizada, comentá para ayudar a otros.",Derrame,-34.583036,-59.082837,8/26/2025
"Corte de luz en Formosa, Formosa: cuadrillas revisan la red",Se registran interrupciones del servicio eléctrico en inmediaciones de una escuela. La empresa distribuidora indicó tareas de reparación. Se sugiere desconectar artefactos sensibles.,Corte de energía,-26.190399,-58.145946,1/26/2024
"Incendio forestal cerca de Viedma, Río Negro: humo visible","Se reporta (esta noche) un foco de incendio en vegetación sobre un acceso principal. Brigadistas trabajan para contenerlo. No acercarse a la zona y reportar nuevos focos. El humo puede afectar la visibilidad y la calidad del aire. Si tenés info actualizada, comentá para ayudar a otros.",Incendio forestal,-40.799793,-62.984824,11/29/2025
"Choque en Santa Fe, Santa Fe: tránsito reducido","Testigos informan un accidente de tránsito en inmediaciones de una escuela. Se recomienda tomar desvíos y respetar indicaciones del personal en el lugar. Si tenés info actualizada, comentá para ayudar a otros.",Accidente vial,-31.62871,-60.676584,4/10/2025
"Sismo percibido en Tilcara, Jujuy: sin daños reportados","Usuarios reportan un temblor en un barrio residencial. Por el momento no se informan daños. Mantener la calma y seguir recomendaciones de Defensa Civil. Se recomienda revisar instalaciones de gas y electricidad. Si tenés info actualizada, comentá para ayudar a otros. (esta mañana).",Sismo,-23.573107,-65.398967,2/27/2025
"Sismo percibido en Tafí del Valle, Tucumán: sin daños reportados","Usuarios reportan un temblor cerca de una estación de servicio. Por el momento no se informan daños. Mantener la calma y seguir recomendaciones de Defensa Civil. Se recomienda revisar instalaciones de gas y electricidad. Si tenés info actualizada, comentá para ayudar a otros.",Sismo,-26.851865,-65.680372,12/3/2024
"Corte parcial por protesta en Junín, Buenos Aires","Vecinos informan una manifestación cerca de un parque/plaza. Hay cortes parciales/total de calzada y demoras. Se recomienda usar vías alternativas. Si tenés info actualizada, comentá para ayudar a otros.",Protesta,-34.583136,-60.933607,6/11/2024
"Calles anegadas en San Isidro, Buenos Aires tras lluvias intensas","Vecinos informan anegamientos y acumulación de agua sobre un acceso principal. Hay demoras en el tránsito y se solicita circular con precaución. Si tenés info actualizada, comentá para ayudar a otros.",Inundación,-34.474302,-58.52635,6/29/2025
"Choque en Villa Carlos Paz, Córdoba: tránsito reducido",Testigos informan un accidente de tránsito sobre un acceso principal. Se recomienda tomar desvíos y respetar indicaciones del personal en el lugar.,Accidente vial,-31.397857,-64.478603,11/5/2024
"Deslizamiento de ladera en San Miguel de Tucumán, Tucumán: precaución en accesos",Se reporta (esta mañana) un deslizamiento de tierra/rocas en un puente/viaducto. Puede haber calzada parcial o totalmente obstruida. Evitar transitar la zona hasta nuevo aviso.,Deslizamiento,-26.833571,-65.228105,2/16/2025
"Alerta por robos en Puerto Iguazú, Misiones: piden reforzar cuidados","Se reportan hechos de inseguridad sobre un acceso principal. Vecinos solicitan mayor presencia policial. Evitar exhibir objetos de valor y denunciar al 911. Si tenés info actualizada, comentá para ayudar a otros.",Robo,-25.619541,-54.557844,12/21/2024
"Alerta por robos en Campana, Buenos Aires: piden reforzar cuidados","Se reportan hechos de inseguridad en un barrio residencial. Vecinos solicitan mayor presencia policial. Evitar exhibir objetos de valor y denunciar al 911. Si tenés info actualizada, comentá para ayudar a otros.",Robo,-34.150269,-58.957252,10/16/2025
"Derrame de combustible en Clorinda, Formosa: calzada resbaladiza","Se reporta un derrame de combustible en la salida hacia la ruta. Personal trabaja en la limpieza. Circular con extrema precaución y mantener distancia. Si tenés info actualizada, comentá para ayudar a otros.",Derrame,-25.318227,-57.721322,3/17/2025
"Corte parcial por protesta en San Isidro, Buenos Aires",Vecinos informan (al mediodía) una manifestación sobre un acceso principal. Hay cortes parciales/total de calzada y demoras. Se recomienda usar vías alternativas.,Protesta,-34.457415,-58.537601,5/4/2025
"Calles anegadas en Venado Tuerto, Santa Fe tras lluvias intensas",Vecinos informan anegamientos y acumulación de agua en la zona céntrica. Hay demoras en el tránsito y se solicita circular con precaución. Algunos desagües se vieron superados por la intensidad de la lluvia.,Inundación,-33.740248,-61.956449,10/7/2025
"Ráfagas fuertes en Viedma, Río Negro: caída de ramas y carteles",Se reportan ráfagas intensas en la salida hacia la ruta. Hay ramas caídas y reducción de visibilidad en algunos tramos. Evitar circular bajo árboles y estructuras inestables.,Vientos fuertes,-40.798161,-62.99734,2/7/2024
"Nevada en Trelew, Chubut: rutas con baja adherencia",Se registran (al mediodía) nevadas en la zona céntrica. Puede haber hielo en calzada y reducción de visibilidad. Portar cadenas y consultar el estado de rutas antes de viajar. Se aconseja manejar con cadenas y luces bajas.,Nevada,-43.240713,-65.308506,10/1/2025
"Alerta por robos en Quilmes, Buenos Aires: piden reforzar cuidados",Se reportan hechos de inseguridad cerca de un parque/plaza. Vecinos solicitan mayor presencia policial. Evitar exhibir objetos de valor y denunciar al 911.,Robo,-34.742336,-58.264056,12/17/2024
"Tormenta con granizo en Avellaneda, Buenos Aires: daños en vehículos",Vecinos reportan caída de granizo sobre un acceso principal. Se registran daños menores y demoras. Se recomienda resguardarse y conducir a baja velocidad. (esta tarde).,Granizo,-34.684094,-58.351527,5/31/2024
"Deslizamiento de ladera en Río Gallegos, Santa Cruz: precaución en accesos","Se reporta un deslizamiento de tierra/rocas en la salida hacia la ruta. Puede haber calzada parcial o totalmente obstruida. Evitar transitar la zona hasta nuevo aviso. Si tenés info actualizada, comentá para ayudar a otros.",Deslizamiento,-51.596698,-69.229798,11/25/2025
"Tormenta con granizo en San Rafael, Mendoza: daños en vehículos","Vecinos reportan caída de granizo en la zona céntrica. Se registran daños menores y demoras. Se recomienda resguardarse y conducir a baja velocidad. Si tenés info actualizada, comentá para ayudar a otros. (al mediodía).",Granizo,-34.599849,-68.344322,12/16/2024
"Incendio en Quilmes, Buenos Aires: bomberos trabajan en el lugar",Se reporta (al mediodía) un incendio en un corredor comercial. Bomberos y Defensa Civil acudieron al lugar. Se recomienda evitar la zona y no inhalar humo.,Incendio,-34.732282,-58.244424,12/16/2024
"Sismo percibido en La Rioja, La Rioja: sin daños reportados","Usuarios reportan un temblor en inmediaciones de una escuela. Por el momento no se informan daños. Mantener la calma y seguir recomendaciones de Defensa Civil. Se recomienda revisar instalaciones de gas y electricidad. Si tenés info actualizada, comentá para ayudar a otros.",Sismo,-29.412871,-66.863934,6/13/2025
"Sismo percibido en San Rafael, Mendoza: sin daños reportados",Usuarios reportan un temblor en un área industrial. Por el momento no se informan daños. Mantener la calma y seguir recomendaciones de Defensa Civil. En la región suele registrarse actividad sísmica moderada.,Sismo,-34.619167,-68.340325,5/17/2024
"Choque en Paraná, Entre Ríos: tránsito reducido",Testigos informan (en las últimas horas) un accidente de tránsito sobre un acceso principal. Se recomienda tomar desvíos y respetar indicaciones del personal en el lugar.,Accidente vial,-31.759908,-60.515364,5/21/2025
"Incendio en Puerto Iguazú, Misiones: bomberos trabajan en el lugar",Se reporta (en las últimas horas) un incendio sobre un acceso principal. Bomberos y Defensa Civil acudieron al lugar. Se recomienda evitar la zona y no inhalar humo.,Incendio,-25.570149,-54.59234,12/17/2024
"Derrame de combustible en Rafaela, Santa Fe: calzada resbaladiza","Se reporta un derrame de combustible en un barrio residencial. Personal trabaja en la limpieza. Circular con extrema precaución y mantener distancia. Si tenés info actualizada, comentá para ayudar a otros.",Derrame,-31.229323,-61.46378,10/8/2025
"Atención: aumento de consultas respiratorias en Salta, Salta","Vecinos informan (esta tarde) alta demanda en guardias en la salida hacia la ruta. Se recomienda uso de barbijo en centros de salud si hay síntomas y ventilar ambientes. Si tenés info actualizada, comentá para ayudar a otros.",Salud,-24.783886,-65.397271,12/12/2024
"Nevada en San Luis, San Luis: rutas con baja adherencia",Se registran nevadas en la zona céntrica. Puede haber hielo en calzada y reducción de visibilidad. Portar cadenas y consultar el estado de rutas antes de viajar. Se aconseja manejar con cadenas y luces bajas.,Nevada,-33.319683,-66.335052,4/30/2024
"Deslizamiento de ladera en San Carlos de Bariloche, Río Negro: precaución en accesos","Se reporta (al mediodía) un deslizamiento de tierra/rocas en un barrio residencial. Puede haber calzada parcial o totalmente obstruida. Evitar transitar la zona hasta nuevo aviso. Si tenés info actualizada, comentá para ayudar a otros.",Deslizamiento,-41.116486,-71.296906,11/21/2024
"Corte de luz en Jesús María, Córdoba: cuadrillas revisan la red","Se registran interrupciones del servicio eléctrico en un corredor comercial. La empresa distribuidora indicó tareas de reparación. Se sugiere desconectar artefactos sensibles. Si tenés info actualizada, comentá para ayudar a otros.",Corte de energía,-30.988533,-64.075908,4/27/2025
"Alerta por robos en San Isidro, Buenos Aires: piden reforzar cuidados","Se reportan (al mediodía) hechos de inseguridad en la zona céntrica. Vecinos solicitan mayor presencia policial. Evitar exhibir objetos de valor y denunciar al 911. Si tenés info actualizada, comentá para ayudar a otros.",Robo,-34.449247,-58.517962,3/11/2025
"Demoras en transporte en Rosario, Santa Fe",Usuarios informan (esta noche) demoras y cancelaciones en la zona céntrica. Se recomienda consultar estados oficiales y prever tiempos extra.,Transporte,-32.947888,-60.644799,9/16/2024
"Atención: aumento de consultas respiratorias en Jesús María, Córdoba","Vecinos informan (esta noche) alta demanda en guardias en inmediaciones de una escuela. Se recomienda uso de barbijo en centros de salud si hay síntomas y ventilar ambientes. Si tenés info actualizada, comentá para ayudar a otros.",Salud,-30.951911,-64.079714,8/2/2024
"Atención: aumento de consultas respiratorias en Bahía Blanca, Buenos Aires","Vecinos informan alta demanda en guardias en un área industrial. Se recomienda uso de barbijo en centros de salud si hay síntomas y ventilar ambientes. Si tenés info actualizada, comentá para ayudar a otros.",Salud,-38.727888,-62.248522,3/21/2025
"Incendio en Caleta Olivia, Santa Cruz: bomberos trabajan en el lugar",Se reporta un incendio cerca de un parque/plaza. Bomberos y Defensa Civil acudieron al lugar. Se recomienda evitar la zona y no inhalar humo.,Incendio,-46.426097,-67.555464,5/19/2024
"Choque en San Fernando del Valle de Catamarca, Catamarca: tránsito reducido","Testigos informan un accidente de tránsito en un corredor comercial. Se recomienda tomar desvíos y respetar indicaciones del personal en el lugar. Si tenés info actualizada, comentá para ayudar a otros.",Accidente vial,-28.469386,-65.759331,10/11/2024
"Incendio en Puerto Madryn, Chubut: bomberos trabajan en el lugar",Se reporta un incendio cerca de un parque/plaza. Bomberos y Defensa Civil acudieron al lugar. Se recomienda evitar la zona y no inhalar humo.,Incendio,-42.793323,-65.017446,7/1/2025
"Ráfagas fuertes en Esquel, Chubut: caída de ramas y carteles","Se reportan (esta tarde) ráfagas intensas cerca de una estación de servicio. Hay ramas caídas y reducción de visibilidad en algunos tramos. Evitar circular bajo árboles y estructuras inestables. Si tenés info actualizada, comentá para ayudar a otros.",Vientos fuertes,-42.929289,-71.346175,7/4/2024
"Ráfagas fuertes en Pinamar, Buenos Aires: caída de ramas y carteles",Se reportan (al mediodía) ráfagas intensas sobre un acceso principal. Hay ramas caídas y reducción de visibilidad en algunos tramos. Evitar circular bajo árboles y estructuras inestables.,Vientos fuertes,-37.129406,-56.85112,4/19/2025
"Incendio en Santiago del Estero, Santiago del Estero: bomberos trabajan en el lugar",Se reporta (esta tarde) un incendio en un puente/viaducto. Bomberos y Defensa Civil acudieron al lugar. Se recomienda evitar la zona y no inhalar humo.,Incendio,-27.766424,-64.284401,8/3/2024
"Derrame de combustible en Posadas, Misiones: calzada resbaladiza",Se reporta un derrame de combustible en un corredor comercial. Personal trabaja en la limpieza. Circular con extrema precaución y mantener distancia.,Derrame,-27.358362,-55.874738,10/25/2025
"Corte parcial por protesta en Ciudad Autónoma de Buenos Aires, CABA",Vecinos informan una manifestación en un área industrial. Hay cortes parciales/total de calzada y demoras. Se recomienda usar vías alternativas.,Protesta,-34.625961,-58.386048,3/7/2025
"Deslizamiento de ladera en Puerto Madryn, Chubut: precaución en accesos","Se reporta un deslizamiento de tierra/rocas en un corredor comercial. Puede haber calzada parcial o totalmente obstruida. Evitar transitar la zona hasta nuevo aviso. Si tenés info actualizada, comentá para ayudar a otros.",Deslizamiento,-42.773589,-65.046214,9/15/2025
"Corte de luz en Mar del Plata, Buenos Aires: cuadrillas revisan la red","Se registran interrupciones del servicio eléctrico en un barrio residencial. La empresa distribuidora indicó tareas de reparación. Se sugiere desconectar artefactos sensibles. Si tenés info actualizada, comentá para ayudar a otros.",Corte de energía,-37.999991,-57.55058,9/1/2024
"Atención: aumento de consultas respiratorias en Salta, Salta",Vecinos informan (esta noche) alta demanda en guardias en la zona céntrica. Se recomienda uso de barbijo en centros de salud si hay síntomas y ventilar ambientes.,Salud,-24.771686,-65.398612,8/28/2024
"Altas temperaturas en Presidencia Roque Sáenz Peña, Chaco: alertan por golpe de calor","Se reportan (al mediodía) temperaturas elevadas cerca de un parque/plaza. Recomiendan hidratarse, evitar exposición al sol en horas pico y prestar atención a niños y adultos mayores. Protección Civil recomienda evitar actividad física al aire libre por la tarde. Si tenés info actualizada, comentá para ayudar a otros.",Ola de calor,-26.767304,-60.416988,1/9/2025
"Corte de luz en Goya, Corrientes: cuadrillas revisan la red","Se registran (esta noche) interrupciones del servicio eléctrico en la zona céntrica. La empresa distribuidora indicó tareas de reparación. Se sugiere desconectar artefactos sensibles. Si tenés info actualizada, comentá para ayudar a otros.",Corte de energía,-29.129061,-59.264091,9/23/2025
"Derrame de combustible en La Plata, Buenos Aires: calzada resbaladiza","Se reporta un derrame de combustible en la salida hacia la ruta. Personal trabaja en la limpieza. Circular con extrema precaución y mantener distancia. Si tenés info actualizada, comentá para ayudar a otros.",Derrame,-34.907584,-57.977196,8/22/2024
"Deslizamiento de ladera en Neuquén, Neuquén: precaución en accesos","Se reporta un deslizamiento de tierra/rocas en un puente/viaducto. Puede haber calzada parcial o totalmente obstruida. Evitar transitar la zona hasta nuevo aviso. Si tenés info actualizada, comentá para ayudar a otros.",Deslizamiento,-38.930895,-68.045418,6/14/2025
"Deslizamiento de ladera en Trelew, Chubut: precaución en accesos","Se reporta un deslizamiento de tierra/rocas en la zona céntrica. Puede haber calzada parcial o totalmente obstruida. Evitar transitar la zona hasta nuevo aviso. Si tenés info actualizada, comentá para ayudar a otros.",Deslizamiento,-43.241503,-65.29681,12/16/2024
"Calles anegadas en Presidencia Roque Sáenz Peña, Chaco tras lluvias intensas",Vecinos informan (esta tarde) anegamientos y acumulación de agua en un puente/viaducto. Hay demoras en el tránsito y se solicita circular con precaución. Algunos desagües se vieron superados por la intensidad de la lluvia.,Inundación,-26.783052,-60.45987,6/11/2025
"Corte parcial por protesta en Termas de Río Hondo, Santiago del Estero","Vecinos informan una manifestación en inmediaciones de una escuela. Hay cortes parciales/total de calzada y demoras. Se recomienda usar vías alternativas. Si tenés info actualizada, comentá para ayudar a otros.",Protesta,-27.505909,-64.846928,8/5/2024
"Deslizamiento de ladera en Santiago del Estero, Santiago del Estero: precaución en accesos","Se reporta un deslizamiento de tierra/rocas sobre un acceso principal. Puede haber calzada parcial o totalmente obstruida. Evitar transitar la zona hasta nuevo aviso. Si tenés info actualizada, comentá para ayudar a otros.",Deslizamiento,-27.78159,-64.281094,11/8/2024
"Corte de luz en Campana, Buenos Aires: cuadrillas revisan la red",Se registran interrupciones del servicio eléctrico en un puente/viaducto. La empresa distribuidora indicó tareas de reparación. Se sugiere desconectar artefactos sensibles.,Corte de energía,-34.135323,-58.974161,6/21/2025
"Altas temperaturas en Venado Tuerto, Santa Fe: alertan por golpe de calor","Se reportan temperaturas elevadas cerca de una estación de servicio. Recomiendan hidratarse, evitar exposición al sol en horas pico y prestar atención a niños y adultos mayores. Protección Civil recomienda evitar actividad física al aire libre por la tarde. Si tenés info actualizada, comentá para ayudar a otros.",Ola de calor,-33.715687,-61.948865,6/9/2025
"Choque en San Luis, San Luis: tránsito reducido",Testigos informan un accidente de tránsito cerca de una estación de servicio. Se recomienda tomar desvíos y respetar indicaciones del personal en el lugar.,Accidente vial,-33.285508,-66.351889,11/20/2025
"Corte de luz en La Rioja, La Rioja: cuadrillas revisan la red","Se registran (esta tarde) interrupciones del servicio eléctrico en inmediaciones de una escuela. La empresa distribuidora indicó tareas de reparación. Se sugiere desconectar artefactos sensibles. Si tenés info actualizada, comentá para ayudar a otros.",Corte de energía,-29.409799,-66.866292,9/11/2024
"Incendio en San Martín (Mza), Mendoza: bomberos trabajan en el lugar",Se reporta (esta mañana) un incendio en un área industrial. Bomberos y Defensa Civil acudieron al lugar. Se recomienda evitar la zona y no inhalar humo.,Incendio,-33.109629,-68.46602,6/24/2025
"Incendio forestal cerca de Villa Mercedes, San Luis: humo visible","Se reporta un foco de incendio en vegetación sobre un acceso principal. Brigadistas trabajan para contenerlo. No acercarse a la zona y reportar nuevos focos. Si tenés info actualizada, comentá para ayudar a otros.",Incendio forestal,-33.657305,-65.460537,11/8/2024
"Atención: aumento de consultas respiratorias en Campana, Buenos Aires",Vecinos informan alta demanda en guardias en un puente/viaducto. Se recomienda uso de barbijo en centros de salud si hay síntomas y ventilar ambientes.,Salud,-34.148045,-58.944413,9/11/2025
"Choque en Quilmes, Buenos Aires: tránsito reducido",Testigos informan (esta mañana) un accidente de tránsito en inmediaciones de una escuela. Se recomienda tomar desvíos y respetar indicaciones del personal en el lugar.,Accidente vial,-34.749108,-58.259788,8/11/2025
"Tormenta con granizo en San Rafael, Mendoza: daños en vehículos",Vecinos reportan caída de granizo sobre un acceso principal. Se registran daños menores y demoras. Se recomienda resguardarse y conducir a baja velocidad.,Granizo,-34.590058,-68.329131,10/29/2024
"Demoras en transporte en Corrientes, Corrientes","Usuarios informan demoras y cancelaciones cerca de una estación de servicio. Se recomienda consultar estados oficiales y prever tiempos extra. Si tenés info actualizada, comentá para ayudar a otros.",Transporte,-27.468354,-58.85245,3/5/2025
"Corte de luz en Gualeguaychú, Entre Ríos: cuadrillas revisan la red","Se registran (esta tarde) interrupciones del servicio eléctrico en la zona céntrica. La empresa distribuidora indicó tareas de reparación. Se sugiere desconectar artefactos sensibles. Si tenés info actualizada, comentá para ayudar a otros.",Corte de energía,-32.989199,-58.54566,3/2/2024
"Altas temperaturas en Resistencia, Chaco: alertan por golpe de calor","Se reportan temperaturas elevadas en inmediaciones de una escuela. Recomiendan hidratarse, evitar exposición al sol en horas pico y prestar atención a niños y adultos mayores. Protección Civil recomienda evitar actividad física al aire libre por la tarde.",Ola de calor,-27.423471,-58.98631,6/10/2024
"Deslizamiento de ladera en Salta, Salta: precaución en accesos","Se reporta (al mediodía) un deslizamiento de tierra/rocas en inmediaciones de una escuela. Puede haber calzada parcial o totalmente obstruida. Evitar transitar la zona hasta nuevo aviso. Si tenés info actualizada, comentá para ayudar a otros.",Deslizamiento,-24.78538,-65.442377,11/6/2024
"Altas temperaturas en Belén, Catamarca: alertan por golpe de calor","Se reportan temperaturas elevadas en un corredor comercial. Recomiendan hidratarse, evitar exposición al sol en horas pico y prestar atención a niños y adultos mayores. Protección Civil recomienda evitar actividad física al aire libre por la tarde. Si tenés info actualizada, comentá para ayudar a otros.",Ola de calor,-27.638681,-67.026243,9/12/2025
"Demoras en transporte en Paraná, Entre Ríos",Usuarios informan demoras y cancelaciones en un corredor comercial. Se recomienda consultar estados oficiales y prever tiempos extra.,Transporte,-31.767146,-60.532177,4/9/2024
"Nevada en Trelew, Chubut: rutas con baja adherencia","Se registran (esta noche) nevadas en la zona céntrica. Puede haber hielo en calzada y reducción de visibilidad. Portar cadenas y consultar el estado de rutas antes de viajar. Se aconseja manejar con cadenas y luces bajas. Si tenés info actualizada, comentá para ayudar a otros.",Nevada,-43.231133,-65.282238,11/20/2024
"Calles anegadas en Rafaela, Santa Fe tras lluvias intensas","Vecinos informan anegamientos y acumulación de agua en un puente/viaducto. Hay demoras en el tránsito y se solicita circular con precaución. Algunos desagües se vieron superados por la intensidad de la lluvia. Si tenés info actualizada, comentá para ayudar a otros.",Inundación,-31.227162,-61.493589,10/30/2025
"Tormenta con granizo en San Rafael, Mendoza: daños en vehículos",Vecinos reportan caída de granizo en un puente/viaducto. Se registran daños menores y demoras. Se recomienda resguardarse y conducir a baja velocidad. (esta tarde).,Granizo,-34.594737,-68.338905,12/11/2025
"Atención: aumento de consultas respiratorias en Tartagal, Salta",Vecinos informan alta demanda en guardias en un corredor comercial. Se recomienda uso de barbijo en centros de salud si hay síntomas y ventilar ambientes.,Salud,-22.529975,-63.778202,11/8/2024
"Sismo percibido en San Juan, San Juan: sin daños reportados","Usuarios reportan un temblor en la zona céntrica. Por el momento no se informan daños. Mantener la calma y seguir recomendaciones de Defensa Civil. En la región suele registrarse actividad sísmica moderada. Si tenés info actualizada, comentá para ayudar a otros.",Sismo,-31.550525,-68.511382,7/3/2024
"Corte de luz en Malargüe, Mendoza: cuadrillas revisan la red",Se registran (al mediodía) interrupciones del servicio eléctrico cerca de una estación de servicio. La empresa distribuidora indicó tareas de reparación. Se sugiere desconectar artefactos sensibles.,Corte de energía,-35.448279,-69.587774,9/30/2025
"Incendio en Puerto Madryn, Chubut: bomberos trabajan en el lugar","Se reporta (al mediodía) un incendio sobre un acceso principal. Bomberos y Defensa Civil acudieron al lugar. Se recomienda evitar la zona y no inhalar humo. Si tenés info actualizada, comentá para ayudar a otros.",Incendio,-42.776555,-65.015693,6/1/2024
"Sismo percibido en Tafí del Valle, Tucumán: sin daños reportados",Usuarios reportan un temblor cerca de un parque/plaza. Por el momento no se informan daños. Mantener la calma y seguir recomendaciones de Defensa Civil. Se recomienda revisar instalaciones de gas y electricidad. (al mediodía).,Sismo,-26.841476,-65.721548,5/13/2025
"Sismo percibido en Tilcara, Jujuy: sin daños reportados",Usuarios reportan un temblor cerca de una estación de servicio. Por el momento no se informan daños. Mantener la calma y seguir recomendaciones de Defensa Civil. Se recomienda revisar instalaciones de gas y electricidad.,Sismo,-23.574336,-65.377507,6/25/2025
"Choque en San Clemente del Tuyú, Buenos Aires: tránsito reducido","Testigos informan (esta noche) un accidente de tránsito en un corredor comercial. Se recomienda tomar desvíos y respetar indicaciones del personal en el lugar. Si tenés info actualizada, comentá para ayudar a otros.",Accidente vial,-36.364526,-56.693452,10/26/2025
"Alerta por robos en Posadas, Misiones: piden reforzar cuidados","Se reportan hechos de inseguridad en un barrio residencial. Vecinos solicitan mayor presencia policial. Evitar exhibir objetos de valor y denunciar al 911. Si tenés info actualizada, comentá para ayudar a otros.",Robo,-27.378137,-55.890706,10/25/2025
"Corte parcial por protesta en Malargüe, Mendoza",Vecinos informan una manifestación cerca de un parque/plaza. Hay cortes parciales/total de calzada y demoras. Se recomienda usar vías alternativas.,Protesta,-35.473137,-69.585114,8/10/2024
"Corte parcial por protesta en Río Cuarto, Córdoba","Vecinos informan una manifestación en un barrio residencial. Hay cortes parciales/total de calzada y demoras. Se recomienda usar vías alternativas. Si tenés info actualizada, comentá para ayudar a otros.",Protesta,-33.120665,-64.324731,11/13/2025
"Ráfagas fuertes en Puerto Madryn, Chubut: caída de ramas y carteles","Se reportan (esta tarde) ráfagas intensas sobre un acceso principal. Hay ramas caídas y reducción de visibilidad en algunos tramos. Evitar circular bajo árboles y estructuras inestables. Si tenés info actualizada, comentá para ayudar a otros.",Vientos fuertes,-42.782015,-65.067588,3/4/2025
"Demoras en transporte en Zárate, Buenos Aires",Usuarios informan demoras y cancelaciones en inmediaciones de una escuela. Se recomienda consultar estados oficiales y prever tiempos extra.,Transporte,-34.093635,-59.048407,4/10/2025
"Incendio en San Francisco, Córdoba: bomberos trabajan en el lugar","Se reporta un incendio en un barrio residencial. Bomberos y Defensa Civil acudieron al lugar. Se recomienda evitar la zona y no inhalar humo. Si tenés info actualizada, comentá para ayudar a otros.",Incendio,-31.446733,-62.061099,1/29/2024
"Choque en San Fernando del Valle de Catamarca, Catamarca: tránsito reducido","Testigos informan un accidente de tránsito en inmediaciones de una escuela. Se recomienda tomar desvíos y respetar indicaciones del personal en el lugar. Si tenés info actualizada, comentá para ayudar a otros.",Accidente vial,-28.463465,-65.795475,8/18/2025
"Demoras en transporte en Zárate, Buenos Aires",Usuarios informan demoras y cancelaciones en un barrio residencial. Se recomienda consultar estados oficiales y prever tiempos extra.,Transporte,-34.111684,-59.015545,11/8/2024
"Choque en Mar del Plata, Buenos Aires: tránsito reducido","Testigos informan un accidente de tránsito en un barrio residencial. Se recomienda tomar desvíos y respetar indicaciones del personal en el lugar. Si tenés info actualizada, comentá para ayudar a otros.",Accidente vial,-38.016673,-57.559416,5/28/2025
"Choque en Puerto Iguazú, Misiones: tránsito reducido","Testigos informan un accidente de tránsito en la salida hacia la ruta. Se recomienda tomar desvíos y respetar indicaciones del personal en el lugar. Si tenés info actualizada, comentá para ayudar a otros.",Accidente vial,-25.613891,-54.602067,6/30/2025
"Incendio en Tilcara, Jujuy: bomberos trabajan en el lugar",Se reporta un incendio en un área industrial. Bomberos y Defensa Civil acudieron al lugar. Se recomienda evitar la zona y no inhalar humo.,Incendio,-23.585151,-65.39126,1/19/2024
"Choque en Bahía Blanca, Buenos Aires: tránsito reducido","Testigos informan (esta mañana) un accidente de tránsito en inmediaciones de una escuela. Se recomienda tomar desvíos y respetar indicaciones del personal en el lugar. Si tenés info actualizada, comentá para ayudar a otros.",Accidente vial,-38.735403,-62.259896,10/30/2025
"Corte de luz en San Rafael, Mendoza: cuadrillas revisan la red",Se registran (al mediodía) interrupciones del servicio eléctrico en un corredor comercial. La empresa distribuidora indicó tareas de reparación. Se sugiere desconectar artefactos sensibles.,Corte de energía,-34.590216,-68.315572,4/14/2025
"Corte parcial por protesta en San Fernando del Valle de Catamarca, Catamarca",Vecinos informan una manifestación en un corredor comercial. Hay cortes parciales/total de calzada y demoras. Se recomienda usar vías alternativas.,Protesta,-28.479192,-65.766021,4/30/2025
"Atención: aumento de consultas respiratorias en Jesús María, Córdoba",Vecinos informan alta demanda en guardias en un corredor comercial. Se recomienda uso de barbijo en centros de salud si hay síntomas y ventilar ambientes.,Salud,-31.006505,-64.065333,7/9/2025
"Choque en Córdoba, Córdoba: tránsito reducido","Testigos informan un accidente de tránsito cerca de un parque/plaza. Se recomienda tomar desvíos y respetar indicaciones del personal en el lugar. Si tenés info actualizada, comentá para ayudar a otros.",Accidente vial,-31.399299,-64.201046,7/16/2024
"Choque en Chilecito, La Rioja: tránsito reducido","Testigos informan un accidente de tránsito cerca de una estación de servicio. Se recomienda tomar desvíos y respetar indicaciones del personal en el lugar. Si tenés info actualizada, comentá para ayudar a otros.",Accidente vial,-29.145803,-67.477104,6/27/2024
"Demoras en transporte en Bahía Blanca, Buenos Aires","Usuarios informan (esta tarde) demoras y cancelaciones en un puente/viaducto. Se recomienda consultar estados oficiales y prever tiempos extra. Si tenés info actualizada, comentá para ayudar a otros.",Transporte,-38.735371,-62.267122,4/6/2025
"Incendio en General Roca, Río Negro: bomberos trabajan en el lugar","Se reporta un incendio sobre un acceso principal. Bomberos y Defensa Civil acudieron al lugar. Se recomienda evitar la zona y no inhalar humo. Si tenés info actualizada, comentá para ayudar a otros.",Incendio,-39.004136,-67.59384,11/19/2024
"Alerta por robos en San Francisco, Córdoba: piden reforzar cuidados","Se reportan hechos de inseguridad cerca de una estación de servicio. Vecinos solicitan mayor presencia policial. Evitar exhibir objetos de valor y denunciar al 911. Si tenés info actualizada, comentá para ayudar a otros.",Robo,-31.446838,-62.106608,10/4/2025
"Alerta por robos en Clorinda, Formosa: piden reforzar cuidados","Se reportan (esta tarde) hechos de inseguridad en un barrio residencial. Vecinos solicitan mayor presencia policial. Evitar exhibir objetos de valor y denunciar al 911. Si tenés info actualizada, comentá para ayudar a otros.",Robo,-25.267828,-57.742963,11/23/2025
"Ráfagas fuertes en Necochea, Buenos Aires: caída de ramas y carteles",Se reportan ráfagas intensas en la salida hacia la ruta. Hay ramas caídas y reducción de visibilidad en algunos tramos. Evitar circular bajo árboles y estructuras inestables.,Vientos fuertes,-38.549601,-58.754834,4/19/2025
"Atención: aumento de consultas respiratorias en Paraná, Entre Ríos","Vecinos informan alta demanda en guardias en un corredor comercial. Se recomienda uso de barbijo en centros de salud si hay síntomas y ventilar ambientes. Si tenés info actualizada, comentá para ayudar a otros.",Salud,-31.738435,-60.498611,8/30/2024
"Alerta por robos en Campana, Buenos Aires: piden reforzar cuidados","Se reportan hechos de inseguridad cerca de un parque/plaza. Vecinos solicitan mayor presencia policial. Evitar exhibir objetos de valor y denunciar al 911. Si tenés info actualizada, comentá para ayudar a otros.",Robo,-34.138605,-58.976999,12/19/2024
"Corte de luz en Villa Carlos Paz, Córdoba: cuadrillas revisan la red","Se registran (esta noche) interrupciones del servicio eléctrico en inmediaciones de una escuela. La empresa distribuidora indicó tareas de reparación. Se sugiere desconectar artefactos sensibles. Si tenés info actualizada, comentá para ayudar a otros.",Corte de energía,-31.415166,-64.472011,11/16/2025
"Corte de luz en San Francisco, Córdoba: cuadrillas revisan la red","Se registran interrupciones del servicio eléctrico en un área industrial. La empresa distribuidora indicó tareas de reparación. Se sugiere desconectar artefactos sensibles. Si tenés info actualizada, comentá para ayudar a otros.",Corte de energía,-31.456278,-62.081141,10/9/2025
"Sismo percibido en San Martín (Mza), Mendoza: sin daños reportados",Usuarios reportan un temblor en un puente/viaducto. Por el momento no se informan daños. Mantener la calma y seguir recomendaciones de Defensa Civil. En la región suele registrarse actividad sísmica moderada.,Sismo,-33.073802,-68.467487,9/26/2024
"Incendio forestal cerca de Comodoro Rivadavia, Chubut: humo visible","Se reporta un foco de incendio en vegetación en un corredor comercial. Brigadistas trabajan para contenerlo. No acercarse a la zona y reportar nuevos focos. El humo puede afectar la visibilidad y la calidad del aire. Si tenés info actualizada, comentá para ayudar a otros.",Incendio forestal,-45.893276,-67.484164,4/21/2024
"Nevada en Cutral Có, Neuquén: rutas con baja adherencia","Se registran nevadas cerca de un parque/plaza. Puede haber hielo en calzada y reducción de visibilidad. Portar cadenas y consultar el estado de rutas antes de viajar. Se aconseja manejar con cadenas y luces bajas. Si tenés info actualizada, comentá para ayudar a otros.",Nevada,-38.967207,-69.22321,9/29/2025
"Deslizamiento de ladera en San Miguel de Tucumán, Tucumán: precaución en accesos","Se reporta un deslizamiento de tierra/rocas en la zona céntrica. Puede haber calzada parcial o totalmente obstruida. Evitar transitar la zona hasta nuevo aviso. Si tenés info actualizada, comentá para ayudar a otros.",Deslizamiento,-26.795446,-65.219736,8/7/2025
"Incendio en Gualeguaychú, Entre Ríos: bomberos trabajan en el lugar","Se reporta (esta mañana) un incendio en inmediaciones de una escuela. Bomberos y Defensa Civil acudieron al lugar. Se recomienda evitar la zona y no inhalar humo. Si tenés info actualizada, comentá para ayudar a otros.",Incendio,-32.993148,-58.542845,3/28/2025
"Nevada en Cutral Có, Neuquén: rutas con baja adherencia",Se registran nevadas en un barrio residencial. Puede haber hielo en calzada y reducción de visibilidad. Portar cadenas y consultar el estado de rutas antes de viajar. Se aconseja manejar con cadenas y luces bajas.,Nevada,-38.917962,-69.255824,5/3/2024
"Calles anegadas en Zárate, Buenos Aires tras lluvias intensas",Vecinos informan anegamientos y acumulación de agua en un corredor comercial. Hay demoras en el tránsito y se solicita circular con precaución.,Inundación,-34.117423,-59.007182,5/3/2024
"Alerta por robos en Ciudad Autónoma de Buenos Aires, CABA: piden reforzar cuidados",Se reportan hechos de inseguridad en la salida hacia la ruta. Vecinos solicitan mayor presencia policial. Evitar exhibir objetos de valor y denunciar al 911.,Robo,-34.599624,-58.401679,6/26/2025
"Corte de luz en Rosario, Santa Fe: cuadrillas revisan la red","Se registran (esta tarde) interrupciones del servicio eléctrico sobre un acceso principal. La empresa distribuidora indicó tareas de reparación. Se sugiere desconectar artefactos sensibles. Si tenés info actualizada, comentá para ayudar a otros.",Corte de energía,-32.950715,-60.628889,12/20/2024
"Nevada en Caleta Olivia, Santa Cruz: rutas con baja adherencia",Se registran nevadas sobre un acceso principal. Puede haber hielo en calzada y reducción de visibilidad. Portar cadenas y consultar el estado de rutas antes de viajar. Se aconseja manejar con cadenas y luces bajas.,Nevada,-46.423968,-67.537806,2/27/2025
"Incendio forestal cerca de General Roca, Río Negro: humo visible",Se reporta un foco de incendio en vegetación en la zona céntrica. Brigadistas trabajan para contenerlo. No acercarse a la zona y reportar nuevos focos. El humo puede afectar la visibilidad y la calidad del aire.,Incendio forestal,-39.028905,-67.588812,8/3/2025
"Calles anegadas en Santa Fe, Santa Fe tras lluvias intensas","Vecinos informan (esta mañana) anegamientos y acumulación de agua en un barrio residencial. Hay demoras en el tránsito y se solicita circular con precaución. Algunos desagües se vieron superados por la intensidad de la lluvia. Si tenés info actualizada, comentá para ayudar a otros.",Inundación,-31.611465,-60.724747,12/11/2025
"Incendio en San Luis, San Luis: bomberos trabajan en el lugar",Se reporta un incendio cerca de una estación de servicio. Bomberos y Defensa Civil acudieron al lugar. Se recomienda evitar la zona y no inhalar humo.,Incendio,-33.318054,-66.333923,2/8/2025
"Choque en San Martín (Mza), Mendoza: tránsito reducido",Testigos informan un accidente de tránsito en un puente/viaducto. Se recomienda tomar desvíos y respetar indicaciones del personal en el lugar.,Accidente vial,-33.100676,-68.484149,6/5/2025
"Ráfagas fuertes en San Isidro, Buenos Aires: caída de ramas y carteles","Se reportan (en las últimas horas) ráfagas intensas en un corredor comercial. Hay ramas caídas y reducción de visibilidad en algunos tramos. Evitar circular bajo árboles y estructuras inestables. Si tenés info actualizada, comentá para ayudar a otros.",Vientos fuertes,-34.460926,-58.523807,7/19/2025
"Choque en Chilecito, La Rioja: tránsito reducido","Testigos informan (al mediodía) un accidente de tránsito en un barrio residencial. Se recomienda tomar desvíos y respetar indicaciones del personal en el lugar. Si tenés info actualizada, comentá para ayudar a otros.",Accidente vial,-29.146782,-67.52034,6/13/2024
"Incendio forestal cerca de Ushuaia, Tierra del Fuego: humo visible",Se reporta un foco de incendio en vegetación en la salida hacia la ruta. Brigadistas trabajan para contenerlo. No acercarse a la zona y reportar nuevos focos.,Incendio forestal,-54.783034,-68.291861,11/28/2024
"Incendio forestal cerca de Ushuaia, Tierra del Fuego: humo visible","Se reporta (esta tarde) un foco de incendio en vegetación en un puente/viaducto. Brigadistas trabajan para contenerlo. No acercarse a la zona y reportar nuevos focos. Si tenés info actualizada, comentá para ayudar a otros.",Incendio forestal,-54.787605,-68.303426,1/3/2024
"Alerta por robos en Rosario, Santa Fe: piden reforzar cuidados",Se reportan hechos de inseguridad cerca de un parque/plaza. Vecinos solicitan mayor presencia policial. Evitar exhibir objetos de valor y denunciar al 911.,Robo,-32.94515,-60.672354,5/28/2025
"Incendio en Posadas, Misiones: bomberos trabajan en el lugar","Se reporta un incendio en un puente/viaducto. Bomberos y Defensa Civil acudieron al lugar. Se recomienda evitar la zona y no inhalar humo. Si tenés info actualizada, comentá para ayudar a otros.",Incendio,-27.380715,-55.89386,1/22/2025
"Calles anegadas en Mar del Plata, Buenos Aires tras lluvias intensas",Vecinos informan anegamientos y acumulación de agua en un área industrial. Hay demoras en el tránsito y se solicita circular con precaución.,Inundación,-38.03094,-57.526439,6/24/2024
"Choque en Corrientes, Corrientes: tránsito reducido",Testigos informan un accidente de tránsito en un área industrial. Se recomienda tomar desvíos y respetar indicaciones del personal en el lugar.,Accidente vial,-27.449242,-58.837712,7/21/2024
"Incendio en Tafí del Valle, Tucumán: bomberos trabajan en el lugar","Se reporta un incendio en la salida hacia la ruta. Bomberos y Defensa Civil acudieron al lugar. Se recomienda evitar la zona y no inhalar humo. Si tenés info actualizada, comentá para ayudar a otros.",Incendio,-26.876287,-65.692002,7/7/2024
"Corte de luz en Rafaela, Santa Fe: cuadrillas revisan la red","Se registran interrupciones del servicio eléctrico cerca de una estación de servicio. La empresa distribuidora indicó tareas de reparación. Se sugiere desconectar artefactos sensibles. Si tenés info actualizada, comentá para ayudar a otros.",Corte de energía,-31.237454,-61.508414,7/1/2025
"Ráfagas fuertes en Puerto Madryn, Chubut: caída de ramas y carteles","Se reportan ráfagas intensas cerca de una estación de servicio. Hay ramas caídas y reducción de visibilidad en algunos tramos. Evitar circular bajo árboles y estructuras inestables. Si tenés info actualizada, comentá para ayudar a otros.",Vientos fuertes,-42.75754,-65.049342,11/8/2025
"Atención: aumento de consultas respiratorias en Villa Carlos Paz, Córdoba","Vecinos informan alta demanda en guardias en un corredor comercial. Se recomienda uso de barbijo en centros de salud si hay síntomas y ventilar ambientes. Si tenés info actualizada, comentá para ayudar a otros.",Salud,-31.418526,-64.470275,3/23/2024
"Deslizamiento de ladera en Puerto Madryn, Chubut: precaución en accesos","Se reporta (esta noche) un deslizamiento de tierra/rocas en la salida hacia la ruta. Puede haber calzada parcial o totalmente obstruida. Evitar transitar la zona hasta nuevo aviso. Si tenés info actualizada, comentá para ayudar a otros.",Deslizamiento,-42.765285,-65.034878,12/10/2025
"Choque en Tandil, Buenos Aires: tránsito reducido","Testigos informan un accidente de tránsito sobre un acceso principal. Se recomienda tomar desvíos y respetar indicaciones del personal en el lugar. Si tenés info actualizada, comentá para ayudar a otros.",Accidente vial,-37.332429,-59.152826,4/25/2025
"Demoras en transporte en San Clemente del Tuyú, Buenos Aires","Usuarios informan (esta tarde) demoras y cancelaciones en la salida hacia la ruta. Se recomienda consultar estados oficiales y prever tiempos extra. Si tenés info actualizada, comentá para ayudar a otros.",Transporte,-36.32752,-56.693166,9/27/2024
"Corte parcial por protesta en Tandil, Buenos Aires","Vecinos informan (esta noche) una manifestación cerca de un parque/plaza. Hay cortes parciales/total de calzada y demoras. Se recomienda usar vías alternativas. Si tenés info actualizada, comentá para ayudar a otros.",Protesta,-37.348972,-59.116655,11/1/2024
"Incendio en Pinamar, Buenos Aires: bomberos trabajan en el lugar",Se reporta un incendio en un barrio residencial. Bomberos y Defensa Civil acudieron al lugar. Se recomienda evitar la zona y no inhalar humo.,Incendio,-37.07978,-56.863317,10/10/2024
"Demoras en transporte en Zárate, Buenos Aires","Usuarios informan demoras y cancelaciones cerca de una estación de servicio. Se recomienda consultar estados oficiales y prever tiempos extra. Si tenés info actualizada, comentá para ayudar a otros.",Transporte,-34.126338,-59.036599,6/2/2024
"Atención: aumento de consultas respiratorias en Trelew, Chubut","Vecinos informan alta demanda en guardias en la salida hacia la ruta. Se recomienda uso de barbijo en centros de salud si hay síntomas y ventilar ambientes. Si tenés info actualizada, comentá para ayudar a otros.",Salud,-43.278587,-65.32714,7/30/2024
"Nevada en San Carlos de Bariloche, Río Negro: rutas con baja adherencia","Se registran nevadas en un puente/viaducto. Puede haber hielo en calzada y reducción de visibilidad. Portar cadenas y consultar el estado de rutas antes de viajar. Se aconseja manejar con cadenas y luces bajas. Si tenés info actualizada, comentá para ayudar a otros.",Nevada,-41.137147,-71.305765,2/11/2024
"Incendio forestal cerca de Puerto Madryn, Chubut: humo visible",Se reporta (en las últimas horas) un foco de incendio en vegetación en la zona céntrica. Brigadistas trabajan para contenerlo. No acercarse a la zona y reportar nuevos focos. El humo puede afectar la visibilidad y la calidad del aire.,Incendio forestal,-42.765325,-65.014497,11/11/2024
"Corte de luz en San Clemente del Tuyú, Buenos Aires: cuadrillas revisan la red",Se registran interrupciones del servicio eléctrico en la salida hacia la ruta. La empresa distribuidora indicó tareas de reparación. Se sugiere desconectar artefactos sensibles.,Corte de energía,-36.370364,-56.699467,8/15/2024
"Sismo percibido en San Fernando del Valle de Catamarca, Catamarca: sin daños reportados","Usuarios reportan un temblor en un corredor comercial. Por el momento no se informan daños. Mantener la calma y seguir recomendaciones de Defensa Civil. Se recomienda revisar instalaciones de gas y electricidad. Si tenés info actualizada, comentá para ayudar a otros. (esta mañana).",Sismo,-28.440166,-65.784868,12/7/2025
"Corte de luz en Río Cuarto, Córdoba: cuadrillas revisan la red","Se registran interrupciones del servicio eléctrico en un barrio residencial. La empresa distribuidora indicó tareas de reparación. Se sugiere desconectar artefactos sensibles. Si tenés info actualizada, comentá para ayudar a otros.",Corte de energía,-33.1249,-64.326419,5/4/2025
"Sismo percibido en Salta, Salta: sin daños reportados","Usuarios reportan un temblor cerca de una estación de servicio. Por el momento no se informan daños. Mantener la calma y seguir recomendaciones de Defensa Civil. Se recomienda revisar instalaciones de gas y electricidad. Si tenés info actualizada, comentá para ayudar a otros. (al mediodía).",Sismo,-24.777671,-65.401411,6/3/2024
"Corte parcial por protesta en Santa Rosa, La Pampa","Vecinos informan (al mediodía) una manifestación en la zona céntrica. Hay cortes parciales/total de calzada y demoras. Se recomienda usar vías alternativas. Si tenés info actualizada, comentá para ayudar a otros.",Protesta,-36.619762,-64.28403,4/18/2024
"Choque en Pergamino, Buenos Aires: tránsito reducido",Testigos informan un accidente de tránsito cerca de una estación de servicio. Se recomienda tomar desvíos y respetar indicaciones del personal en el lugar.,Accidente vial,-33.88703,-60.548727,4/16/2025
"Corte de luz en La Plata, Buenos Aires: cuadrillas revisan la red",Se registran interrupciones del servicio eléctrico sobre un acceso principal. La empresa distribuidora indicó tareas de reparación. Se sugiere desconectar artefactos sensibles.,Corte de energía,-34.932863,-57.934484,2/22/2024
"Calles anegadas en Gualeguaychú, Entre Ríos tras lluvias intensas","Vecinos informan anegamientos y acumulación de agua sobre un acceso principal. Hay demoras en el tránsito y se solicita circular con precaución. Algunos desagües se vieron superados por la intensidad de la lluvia. Si tenés info actualizada, comentá para ayudar a otros.",Inundación,-33.024003,-58.502573,4/26/2024
"Ráfagas fuertes en Caleta Olivia, Santa Cruz: caída de ramas y carteles","Se reportan (esta tarde) ráfagas intensas cerca de un parque/plaza. Hay ramas caídas y reducción de visibilidad en algunos tramos. Evitar circular bajo árboles y estructuras inestables. Si tenés info actualizada, comentá para ayudar a otros.",Vientos fuertes,-46.438945,-67.510858,7/9/2024
"Incendio en San Francisco, Córdoba: bomberos trabajan en el lugar","Se reporta (esta mañana) un incendio en un área industrial. Bomberos y Defensa Civil acudieron al lugar. Se recomienda evitar la zona y no inhalar humo. Si tenés info actualizada, comentá para ayudar a otros.",Incendio,-31.432487,-62.057175,8/16/2024
"Ráfagas fuertes en General Roca, Río Negro: caída de ramas y carteles","Se reportan ráfagas intensas en la zona céntrica. Hay ramas caídas y reducción de visibilidad en algunos tramos. Evitar circular bajo árboles y estructuras inestables. Si tenés info actualizada, comentá para ayudar a otros.",Vientos fuertes,-39.016956,-67.555409,6/17/2025
"Alerta por robos en San Nicolás, Buenos Aires: piden reforzar cuidados","Se reportan (en las últimas horas) hechos de inseguridad cerca de una estación de servicio. Vecinos solicitan mayor presencia policial. Evitar exhibir objetos de valor y denunciar al 911. Si tenés info actualizada, comentá para ayudar a otros.",Robo,-33.320021,-60.190325,4/5/2024
"Calles anegadas en Santa Fe, Santa Fe tras lluvias intensas","Vecinos informan (esta tarde) anegamientos y acumulación de agua en la salida hacia la ruta. Hay demoras en el tránsito y se solicita circular con precaución. Algunos desagües se vieron superados por la intensidad de la lluvia. Si tenés info actualizada, comentá para ayudar a otros.",Inundación,-31.627606,-60.696636,2/18/2024
"Alerta por robos en Posadas, Misiones: piden reforzar cuidados",Se reportan (al mediodía) hechos de inseguridad sobre un acceso principal. Vecinos solicitan mayor presencia policial. Evitar exhibir objetos de valor y denunciar al 911.,Robo,-27.350559,-55.929715,5/17/2024
"Calles anegadas en La Plata, Buenos Aires tras lluvias intensas","Vecinos informan (esta mañana) anegamientos y acumulación de agua cerca de una estación de servicio. Hay demoras en el tránsito y se solicita circular con precaución. Si tenés info actualizada, comentá para ayudar a otros.",Inundación,-34.94577,-57.964322,9/1/2024
"Corte de luz en Ciudad Autónoma de Buenos Aires, CABA: cuadrillas revisan la red","Se registran interrupciones del servicio eléctrico en un área industrial. La empresa distribuidora indicó tareas de reparación. Se sugiere desconectar artefactos sensibles. Si tenés info actualizada, comentá para ayudar a otros.",Corte de energía,-34.603276,-58.409393,4/13/2024
"Calles anegadas en Pergamino, Buenos Aires tras lluvias intensas","Vecinos informan anegamientos y acumulación de agua en un barrio residencial. Hay demoras en el tránsito y se solicita circular con precaución. Si tenés info actualizada, comentá para ayudar a otros.",Inundación,-33.901277,-60.579664,5/2/2025
"Incendio en Puerto Madryn, Chubut: bomberos trabajan en el lugar","Se reporta (esta noche) un incendio en un área industrial. Bomberos y Defensa Civil acudieron al lugar. Se recomienda evitar la zona y no inhalar humo. Si tenés info actualizada, comentá para ayudar a otros.",Incendio,-42.771383,-65.045645,9/8/2025
"Incendio en La Rioja, La Rioja: bomberos trabajan en el lugar",Se reporta un incendio en un área industrial. Bomberos y Defensa Civil acudieron al lugar. Se recomienda evitar la zona y no inhalar humo.,Incendio,-29.442047,-66.876877,6/3/2025
"Atención: aumento de consultas respiratorias en Malargüe, Mendoza",Vecinos informan alta demanda en guardias cerca de un parque/plaza. Se recomienda uso de barbijo en centros de salud si hay síntomas y ventilar ambientes.,Salud,-35.467715,-69.596977,9/19/2024
"Alerta por robos en Bahía Blanca, Buenos Aires: piden reforzar cuidados","Se reportan hechos de inseguridad sobre un acceso principal. Vecinos solicitan mayor presencia policial. Evitar exhibir objetos de valor y denunciar al 911. Si tenés info actualizada, comentá para ayudar a otros.",Robo,-38.735221,-62.282632,5/19/2024
"Choque en Puerto Iguazú, Misiones: tránsito reducido","Testigos informan un accidente de tránsito en inmediaciones de una escuela. Se recomienda tomar desvíos y respetar indicaciones del personal en el lugar. Si tenés info actualizada, comentá para ayudar a otros.",Accidente vial,-25.627615,-54.552222,11/26/2025
"Altas temperaturas en Orán, Salta: alertan por golpe de calor","Se reportan temperaturas elevadas en inmediaciones de una escuela. Recomiendan hidratarse, evitar exposición al sol en horas pico y prestar atención a niños y adultos mayores. Protección Civil recomienda evitar actividad física al aire libre por la tarde. Si tenés info actualizada, comentá para ayudar a otros.",Ola de calor,-23.120291,-64.312257,8/22/2025
"Choque en Corrientes, Corrientes: tránsito reducido","Testigos informan (en las últimas horas) un accidente de tránsito en un corredor comercial. Se recomienda tomar desvíos y respetar indicaciones del personal en el lugar. Si tenés info actualizada, comentá para ayudar a otros.",Accidente vial,-27.469861,-58.831509,3/7/2025
"Incendio forestal cerca de Esquel, Chubut: humo visible","Se reporta (esta noche) un foco de incendio en vegetación en inmediaciones de una escuela. Brigadistas trabajan para contenerlo. No acercarse a la zona y reportar nuevos focos. El humo puede afectar la visibilidad y la calidad del aire. Si tenés info actualizada, comentá para ayudar a otros.",Incendio forestal,-42.919412,-71.329698,7/21/2024
"Choque en Mar del Plata, Buenos Aires: tránsito reducido","Testigos informan un accidente de tránsito en un corredor comercial. Se recomienda tomar desvíos y respetar indicaciones del personal en el lugar. Si tenés info actualizada, comentá para ayudar a otros.",Accidente vial,-37.989753,-57.567363,2/1/2024
"Atención: aumento de consultas respiratorias en Concordia, Entre Ríos","Vecinos informan alta demanda en guardias en un corredor comercial. Se recomienda uso de barbijo en centros de salud si hay síntomas y ventilar ambientes. Si tenés info actualizada, comentá para ayudar a otros.",Salud,-31.391572,-58.049821,5/30/2024
"Calles anegadas en Posadas, Misiones tras lluvias intensas",Vecinos informan (esta mañana) anegamientos y acumulación de agua en un corredor comercial. Hay demoras en el tránsito y se solicita circular con precaución.,Inundación,-27.375981,-55.872379,2/25/2025
"Atención: aumento de consultas respiratorias en La Rioja, La Rioja","Vecinos informan (en las últimas horas) alta demanda en guardias en un puente/viaducto. Se recomienda uso de barbijo en centros de salud si hay síntomas y ventilar ambientes. Si tenés info actualizada, comentá para ayudar a otros.",Salud,-29.392028,-66.83933,3/27/2025
"Altas temperaturas en Tafí del Valle, Tucumán: alertan por golpe de calor","Se reportan temperaturas elevadas cerca de una estación de servicio. Recomiendan hidratarse, evitar exposición al sol en horas pico y prestar atención a niños y adultos mayores. Protección Civil recomienda evitar actividad física al aire libre por la tarde.",Ola de calor,-26.828353,-65.697152,11/3/2025
"Atención: aumento de consultas respiratorias en San Miguel de Tucumán, Tucumán","Vecinos informan alta demanda en guardias en un barrio residencial. Se recomienda uso de barbijo en centros de salud si hay síntomas y ventilar ambientes. Si tenés info actualizada, comentá para ayudar a otros.",Salud,-26.805724,-65.191429,5/18/2025
"Atención: aumento de consultas respiratorias en San Fernando del Valle de Catamarca, Catamarca",Vecinos informan (en las últimas horas) alta demanda en guardias en un corredor comercial. Se recomienda uso de barbijo en centros de salud si hay síntomas y ventilar ambientes.,Salud,-28.480012,-65.775464,8/15/2024
"Corte parcial por protesta en Rafaela, Santa Fe",Vecinos informan (al mediodía) una manifestación en inmediaciones de una escuela. Hay cortes parciales/total de calzada y demoras. Se recomienda usar vías alternativas.,Protesta,-31.264816,-61.499196,1/23/2025
"Incendio en Pinamar, Buenos Aires: bomberos trabajan en el lugar",Se reporta un incendio en inmediaciones de una escuela. Bomberos y Defensa Civil acudieron al lugar. Se recomienda evitar la zona y no inhalar humo.,Incendio,-37.131625,-56.886302,6/1/2024
"Demoras en transporte en Pergamino, Buenos Aires","Usuarios informan demoras y cancelaciones en la salida hacia la ruta. Se recomienda consultar estados oficiales y prever tiempos extra. Si tenés info actualizada, comentá para ayudar a otros.",Transporte,-33.892691,-60.59262,4/27/2025
"Calles anegadas en Avellaneda, Buenos Aires tras lluvias intensas",Vecinos informan anegamientos y acumulación de agua en un área industrial. Hay demoras en el tránsito y se solicita circular con precaución.,Inundación,-34.66319,-58.388887,7/19/2025
"Sismo percibido en San Martín (Mza), Mendoza: sin daños reportados","Usuarios reportan un temblor en la zona céntrica. Por el momento no se informan daños. Mantener la calma y seguir recomendaciones de Defensa Civil. En la región suele registrarse actividad sísmica moderada. Si tenés info actualizada, comentá para ayudar a otros.",Sismo,-33.106677,-68.477824,5/15/2025
"Corte parcial por protesta en Quilmes, Buenos Aires",Vecinos informan una manifestación en un barrio residencial. Hay cortes parciales/total de calzada y demoras. Se recomienda usar vías alternativas.,Protesta,-34.709714,-58.266656,7/9/2025
"Incendio en Río Gallegos, Santa Cruz: bomberos trabajan en el lugar","Se reporta un incendio en la salida hacia la ruta. Bomberos y Defensa Civil acudieron al lugar. Se recomienda evitar la zona y no inhalar humo. Si tenés info actualizada, comentá para ayudar a otros.",Incendio,-51.607178,-69.21251,9/29/2024
"Corte parcial por protesta en Chilecito, La Rioja","Vecinos informan una manifestación cerca de un parque/plaza. Hay cortes parciales/total de calzada y demoras. Se recomienda usar vías alternativas. Si tenés info actualizada, comentá para ayudar a otros.",Protesta,-29.156319,-67.49792,5/24/2025
"Atención: aumento de consultas respiratorias en San Carlos de Bariloche, Río Negro","Vecinos informan alta demanda en guardias en la zona céntrica. Se recomienda uso de barbijo en centros de salud si hay síntomas y ventilar ambientes. Si tenés info actualizada, comentá para ayudar a otros.",Salud,-41.109386,-71.282084,10/10/2024
"Corte de luz en Mendoza, Mendoza: cuadrillas revisan la red","Se registran (en las últimas horas) interrupciones del servicio eléctrico en un barrio residencial. La empresa distribuidora indicó tareas de reparación. Se sugiere desconectar artefactos sensibles. Si tenés info actualizada, comentá para ayudar a otros.",Corte de energía,-32.912171,-68.847981,9/5/2024
"Demoras en transporte en Pergamino, Buenos Aires","Usuarios informan demoras y cancelaciones sobre un acceso principal. Se recomienda consultar estados oficiales y prever tiempos extra. Si tenés info actualizada, comentá para ayudar a otros.",Transporte,-33.885232,-60.580264,3/11/2025
"Demoras en transporte en Puerto Iguazú, Misiones",Usuarios informan (esta mañana) demoras y cancelaciones en un puente/viaducto. Se recomienda consultar estados oficiales y prever tiempos extra.,Transporte,-25.581888,-54.570193,11/1/2025
"Incendio en Viedma, Río Negro: bomberos trabajan en el lugar",Se reporta un incendio sobre un acceso principal. Bomberos y Defensa Civil acudieron al lugar. Se recomienda evitar la zona y no inhalar humo.,Incendio,-40.815135,-62.968301,7/18/2024
"Derrame de combustible en Córdoba, Córdoba: calzada resbaladiza","Se reporta un derrame de combustible en un corredor comercial. Personal trabaja en la limpieza. Circular con extrema precaución y mantener distancia. Si tenés info actualizada, comentá para ayudar a otros.",Derrame,-31.442265,-64.166835,1/13/2025
"Corte parcial por protesta en Tartagal, Salta","Vecinos informan una manifestación sobre un acceso principal. Hay cortes parciales/total de calzada y demoras. Se recomienda usar vías alternativas. Si tenés info actualizada, comentá para ayudar a otros.",Protesta,-22.49802,-63.793556,11/15/2025
"Corte de luz en San Rafael, Mendoza: cuadrillas revisan la red","Se registran interrupciones del servicio eléctrico en un puente/viaducto. La empresa distribuidora indicó tareas de reparación. Se sugiere desconectar artefactos sensibles. Si tenés info actualizada, comentá para ayudar a otros.",Corte de energía,-34.635703,-68.331216,7/5/2025
"Alerta por robos en Córdoba, Córdoba: piden reforzar cuidados",Se reportan hechos de inseguridad en un puente/viaducto. Vecinos solicitan mayor presencia policial. Evitar exhibir objetos de valor y denunciar al 911.,Robo,-31.439585,-64.159255,1/9/2025
"Incendio forestal cerca de Malargüe, Mendoza: humo visible","Se reporta un foco de incendio en vegetación cerca de un parque/plaza. Brigadistas trabajan para contenerlo. No acercarse a la zona y reportar nuevos focos. El humo puede afectar la visibilidad y la calidad del aire. Si tenés info actualizada, comentá para ayudar a otros.",Incendio forestal,-35.472323,-69.575068,12/8/2025
"Choque en San Luis, San Luis: tránsito reducido","Testigos informan un accidente de tránsito en un corredor comercial. Se recomienda tomar desvíos y respetar indicaciones del personal en el lugar. Si tenés info actualizada, comentá para ayudar a otros.",Accidente vial,-33.305775,-66.364255,5/20/2024
"Choque en Belén, Catamarca: tránsito reducido","Testigos informan (esta noche) un accidente de tránsito en inmediaciones de una escuela. Se recomienda tomar desvíos y respetar indicaciones del personal en el lugar. Si tenés info actualizada, comentá para ayudar a otros.",Accidente vial,-27.659889,-67.032902,2/16/2025
"Incendio en Rafaela, Santa Fe: bomberos trabajan en el lugar","Se reporta (en las últimas horas) un incendio en un corredor comercial. Bomberos y Defensa Civil acudieron al lugar. Se recomienda evitar la zona y no inhalar humo. Si tenés info actualizada, comentá para ayudar a otros.",Incendio,-31.227223,-61.509398,12/21/2024
"Choque en Tilcara, Jujuy: tránsito reducido",Testigos informan (en las últimas horas) un accidente de tránsito en inmediaciones de una escuela. Se recomienda tomar desvíos y respetar indicaciones del personal en el lugar.,Accidente vial,-23.576094,-65.408944,11/16/2025
"Incendio forestal cerca de San Martín de los Andes, Neuquén: humo visible","Se reporta un foco de incendio en vegetación sobre un acceso principal. Brigadistas trabajan para contenerlo. No acercarse a la zona y reportar nuevos focos. El humo puede afectar la visibilidad y la calidad del aire. Si tenés info actualizada, comentá para ayudar a otros.",Incendio forestal,-40.144789,-71.344254,3/15/2025
"Calles anegadas en Avellaneda, Buenos Aires tras lluvias intensas","Vecinos informan (al mediodía) anegamientos y acumulación de agua cerca de un parque/plaza. Hay demoras en el tránsito y se solicita circular con precaución. Si tenés info actualizada, comentá para ayudar a otros.",Inundación,-34.637924,-58.351372,8/27/2024
"Ráfagas fuertes en Comodoro Rivadavia, Chubut: caída de ramas y carteles","Se reportan ráfagas intensas cerca de un parque/plaza. Hay ramas caídas y reducción de visibilidad en algunos tramos. Evitar circular bajo árboles y estructuras inestables. Si tenés info actualizada, comentá para ayudar a otros.",Vientos fuertes,-45.859395,-67.511522,3/15/2024
"Atención: aumento de consultas respiratorias en Jáchal, San Juan","Vecinos informan (esta tarde) alta demanda en guardias en un corredor comercial. Se recomienda uso de barbijo en centros de salud si hay síntomas y ventilar ambientes. Si tenés info actualizada, comentá para ayudar a otros.",Salud,-30.241163,-68.720714,4/29/2024
"Corte parcial por protesta en Santa Fe, Santa Fe",Vecinos informan una manifestación en un barrio residencial. Hay cortes parciales/total de calzada y demoras. Se recomienda usar vías alternativas.,Protesta,-31.640978,-60.699226,9/15/2024
"Calles anegadas en Resistencia, Chaco tras lluvias intensas","Vecinos informan anegamientos y acumulación de agua en un corredor comercial. Hay demoras en el tránsito y se solicita circular con precaución. Algunos desagües se vieron superados por la intensidad de la lluvia. Si tenés info actualizada, comentá para ayudar a otros.",Inundación,-27.423329,-58.98935,6/19/2024
"Corte de luz en Bahía Blanca, Buenos Aires: cuadrillas revisan la red",Se registran interrupciones del servicio eléctrico sobre un acceso principal. La empresa distribuidora indicó tareas de reparación. Se sugiere desconectar artefactos sensibles.,Corte de energía,-38.712652,-62.265223,3/22/2025
"Choque en Termas de Río Hondo, Santiago del Estero: tránsito reducido","Testigos informan (esta tarde) un accidente de tránsito en un corredor comercial. Se recomienda tomar desvíos y respetar indicaciones del personal en el lugar. Si tenés info actualizada, comentá para ayudar a otros.",Accidente vial,-27.471278,-64.854518,10/28/2024
"Incendio en Rafaela, Santa Fe: bomberos trabajan en el lugar","Se reporta un incendio en un barrio residencial. Bomberos y Defensa Civil acudieron al lugar. Se recomienda evitar la zona y no inhalar humo. Si tenés info actualizada, comentá para ayudar a otros.",Incendio,-31.249305,-61.501462,3/22/2024
"Atención: aumento de consultas respiratorias en Esquel, Chubut","Vecinos informan alta demanda en guardias sobre un acceso principal. Se recomienda uso de barbijo en centros de salud si hay síntomas y ventilar ambientes. Si tenés info actualizada, comentá para ayudar a otros.",Salud,-42.931365,-71.346086,8/10/2024
"Alerta por robos en San Nicolás, Buenos Aires: piden reforzar cuidados",Se reportan hechos de inseguridad en un barrio residencial. Vecinos solicitan mayor presencia policial. Evitar exhibir objetos de valor y denunciar al 911.,Robo,-33.343284,-60.209642,11/23/2024
"Derrame de combustible en San Nicolás, Buenos Aires: calzada resbaladiza",Se reporta un derrame de combustible en un corredor comercial. Personal trabaja en la limpieza. Circular con extrema precaución y mantener distancia.,Derrame,-33.322237,-60.187926,2/15/2024
"Atención: aumento de consultas respiratorias en Venado Tuerto, Santa Fe",Vecinos informan (esta mañana) alta demanda en guardias en la zona céntrica. Se recomienda uso de barbijo en centros de salud si hay síntomas y ventilar ambientes.,Salud,-33.767547,-61.946589,8/1/2025
"Incendio en Zárate, Buenos Aires: bomberos trabajan en el lugar","Se reporta un incendio cerca de una estación de servicio. Bomberos y Defensa Civil acudieron al lugar. Se recomienda evitar la zona y no inhalar humo. Si tenés info actualizada, comentá para ayudar a otros.",Incendio,-34.124743,-59.024967,3/22/2025
"Derrame de combustible en La Plata, Buenos Aires: calzada resbaladiza",Se reporta un derrame de combustible cerca de un parque/plaza. Personal trabaja en la limpieza. Circular con extrema precaución y mantener distancia.,Derrame,-34.938562,-57.927715,3/25/2024
"Corte de luz en San Francisco, Córdoba: cuadrillas revisan la red",Se registran (esta noche) interrupciones del servicio eléctrico en un área industrial. La empresa distribuidora indicó tareas de reparación. Se sugiere desconectar artefactos sensibles.,Corte de energía,-31.447478,-62.07131,9/24/2025
"Altas temperaturas en Tafí del Valle, Tucumán: alertan por golpe de calor","Se reportan temperaturas elevadas cerca de un parque/plaza. Recomiendan hidratarse, evitar exposición al sol en horas pico y prestar atención a niños y adultos mayores. Protección Civil recomienda evitar actividad física al aire libre por la tarde.",Ola de calor,-26.82866,-65.690287,7/22/2025
"Nevada en Ushuaia, Tierra del Fuego: rutas con baja adherencia",Se registran nevadas en la zona céntrica. Puede haber hielo en calzada y reducción de visibilidad. Portar cadenas y consultar el estado de rutas antes de viajar. Se aconseja manejar con cadenas y luces bajas.,Nevada,-54.811608,-68.283683,11/26/2025
"Sismo percibido en Termas de Río Hondo, Santiago del Estero: sin daños reportados","Usuarios reportan un temblor en la salida hacia la ruta. Por el momento no se informan daños. Mantener la calma y seguir recomendaciones de Defensa Civil. Se recomienda revisar instalaciones de gas y electricidad. Si tenés info actualizada, comentá para ayudar a otros.",Sismo,-27.473178,-64.851729,8/9/2024
"Nevada en Puerto Madryn, Chubut: rutas con baja adherencia","Se registran nevadas en un área industrial. Puede haber hielo en calzada y reducción de visibilidad. Portar cadenas y consultar el estado de rutas antes de viajar. Se aconseja manejar con cadenas y luces bajas. Si tenés info actualizada, comentá para ayudar a otros.",Nevada,-42.793911,-65.015572,8/18/2024
"Corte parcial por protesta en Puerto Iguazú, Misiones","Vecinos informan una manifestación en un área industrial. Hay cortes parciales/total de calzada y demoras. Se recomienda usar vías alternativas. Si tenés info actualizada, comentá para ayudar a otros.",Protesta,-25.585079,-54.59696,3/2/2025
"Choque en Jesús María, Córdoba: tránsito reducido",Testigos informan un accidente de tránsito en un barrio residencial. Se recomienda tomar desvíos y respetar indicaciones del personal en el lugar.,Accidente vial,-30.973969,-64.11848,5/10/2025
"Atención: aumento de consultas respiratorias en Paraná, Entre Ríos","Vecinos informan alta demanda en guardias en un barrio residencial. Se recomienda uso de barbijo en centros de salud si hay síntomas y ventilar ambientes. Si tenés info actualizada, comentá para ayudar a otros.",Salud,-31.732601,-60.511457,1/6/2025
"Derrame de combustible en Mendoza, Mendoza: calzada resbaladiza",Se reporta (esta tarde) un derrame de combustible cerca de una estación de servicio. Personal trabaja en la limpieza. Circular con extrema precaución y mantener distancia.,Derrame,-32.882858,-68.817041,9/4/2024
"Corte parcial por protesta en San Isidro, Buenos Aires","Vecinos informan una manifestación en la salida hacia la ruta. Hay cortes parciales/total de calzada y demoras. Se recomienda usar vías alternativas. Si tenés info actualizada, comentá para ayudar a otros.",Protesta,-34.448179,-58.532493,4/26/2025
"Ráfagas fuertes en La Plata, Buenos Aires: caída de ramas y carteles","Se reportan ráfagas intensas en un puente/viaducto. Hay ramas caídas y reducción de visibilidad en algunos tramos. Evitar circular bajo árboles y estructuras inestables. Si tenés info actualizada, comentá para ayudar a otros.",Vientos fuertes,-34.893868,-57.972098,3/6/2024
"Choque en Tartagal, Salta: tránsito reducido","Testigos informan (esta tarde) un accidente de tránsito en un barrio residencial. Se recomienda tomar desvíos y respetar indicaciones del personal en el lugar. Si tenés info actualizada, comentá para ayudar a otros.",Accidente vial,-22.491335,-63.81186,11/11/2025
"Deslizamiento de ladera en Orán, Salta: precaución en accesos",Se reporta (en las últimas horas) un deslizamiento de tierra/rocas sobre un acceso principal. Puede haber calzada parcial o totalmente obstruida. Evitar transitar la zona hasta nuevo aviso.,Deslizamiento,-23.166887,-64.317167,7/15/2025
"Corte parcial por protesta en Belén, Catamarca","Vecinos informan una manifestación en un área industrial. Hay cortes parciales/total de calzada y demoras. Se recomienda usar vías alternativas. Si tenés info actualizada, comentá para ayudar a otros.",Protesta,-27.654298,-67.033287,3/28/2024
"Demoras en transporte en Villa Carlos Paz, Córdoba","Usuarios informan demoras y cancelaciones en la salida hacia la ruta. Se recomienda consultar estados oficiales y prever tiempos extra. Si tenés info actualizada, comentá para ayudar a otros.",Transporte,-31.407134,-64.497141,1/22/2024
"Calles anegadas en Rafaela, Santa Fe tras lluvias intensas",Vecinos informan (esta mañana) anegamientos y acumulación de agua en un área industrial. Hay demoras en el tránsito y se solicita circular con precaución. Algunos desagües se vieron superados por la intensidad de la lluvia.,Inundación,-31.25077,-61.480978,6/21/2024
"Tormenta con granizo en La Plata, Buenos Aires: daños en vehículos",Vecinos reportan caída de granizo en un puente/viaducto. Se registran daños menores y demoras. Se recomienda resguardarse y conducir a baja velocidad.,Granizo,-34.903042,-57.976763,3/16/2024
"Choque en San Salvador de Jujuy, Jujuy: tránsito reducido","Testigos informan (esta tarde) un accidente de tránsito en inmediaciones de una escuela. Se recomienda tomar desvíos y respetar indicaciones del personal en el lugar. Si tenés info actualizada, comentá para ayudar a otros.",Accidente vial,-24.19697,-65.299179,5/12/2024
"Alerta por robos en Corrientes, Corrientes: piden reforzar cuidados",Se reportan (esta mañana) hechos de inseguridad en un corredor comercial. Vecinos solicitan mayor presencia policial. Evitar exhibir objetos de valor y denunciar al 911.,Robo,-27.445512,-58.826701,6/23/2025
"Incendio forestal cerca de Neuquén, Neuquén: humo visible","Se reporta (en las últimas horas) un foco de incendio en vegetación en un barrio residencial. Brigadistas trabajan para contenerlo. No acercarse a la zona y reportar nuevos focos. El humo puede afectar la visibilidad y la calidad del aire. Si tenés info actualizada, comentá para ayudar a otros.",Incendio forestal,-38.980146,-68.085029,1/12/2025
"Derrame de combustible en Santa Fe, Santa Fe: calzada resbaladiza","Se reporta un derrame de combustible en inmediaciones de una escuela. Personal trabaja en la limpieza. Circular con extrema precaución y mantener distancia. Si tenés info actualizada, comentá para ayudar a otros.",Derrame,-31.648994,-60.688237,2/19/2025
"Ráfagas fuertes en Ushuaia, Tierra del Fuego: caída de ramas y carteles","Se reportan ráfagas intensas sobre un acceso principal. Hay ramas caídas y reducción de visibilidad en algunos tramos. Evitar circular bajo árboles y estructuras inestables. Si tenés info actualizada, comentá para ayudar a otros.",Vientos fuertes,-54.830942,-68.295091,7/12/2025
"Incendio en San Martín de los Andes, Neuquén: bomberos trabajan en el lugar","Se reporta un incendio cerca de un parque/plaza. Bomberos y Defensa Civil acudieron al lugar. Se recomienda evitar la zona y no inhalar humo. Si tenés info actualizada, comentá para ayudar a otros.",Incendio,-40.141472,-71.323704,6/8/2024
"Nevada en Ushuaia, Tierra del Fuego: rutas con baja adherencia","Se registran nevadas sobre un acceso principal. Puede haber hielo en calzada y reducción de visibilidad. Portar cadenas y consultar el estado de rutas antes de viajar. Se aconseja manejar con cadenas y luces bajas. Si tenés info actualizada, comentá para ayudar a otros.",Nevada,-54.794761,-68.28816,1/4/2024
"Alerta por robos en Santa Rosa, La Pampa: piden reforzar cuidados",Se reportan hechos de inseguridad en la zona céntrica. Vecinos solicitan mayor presencia policial. Evitar exhibir objetos de valor y denunciar al 911.,Robo,-36.600047,-64.27841,5/22/2025
"Deslizamiento de ladera en Río Grande, Tierra del Fuego: precaución en accesos","Se reporta (esta noche) un deslizamiento de tierra/rocas en un área industrial. Puede haber calzada parcial o totalmente obstruida. Evitar transitar la zona hasta nuevo aviso. Si tenés info actualizada, comentá para ayudar a otros.",Deslizamiento,-53.763926,-67.722738,4/23/2024
"Incendio en Mar del Plata, Buenos Aires: bomberos trabajan en el lugar","Se reporta un incendio en inmediaciones de una escuela. Bomberos y Defensa Civil acudieron al lugar. Se recomienda evitar la zona y no inhalar humo. Si tenés info actualizada, comentá para ayudar a otros.",Incendio,-37.994304,-57.544661,11/27/2024
"Atención: aumento de consultas respiratorias en Cutral Có, Neuquén",Vecinos informan alta demanda en guardias en la salida hacia la ruta. Se recomienda uso de barbijo en centros de salud si hay síntomas y ventilar ambientes.,Salud,-38.935895,-69.204158,5/22/2025
"Tormenta con granizo en San Rafael, Mendoza: daños en vehículos","Vecinos reportan caída de granizo en un barrio residencial. Se registran daños menores y demoras. Se recomienda resguardarse y conducir a baja velocidad. Si tenés info actualizada, comentá para ayudar a otros.",Granizo,-34.607714,-68.35966,3/30/2025
"Nevada en San Luis, San Luis: rutas con baja adherencia","Se registran (esta noche) nevadas cerca de un parque/plaza. Puede haber hielo en calzada y reducción de visibilidad. Portar cadenas y consultar el estado de rutas antes de viajar. Se aconseja manejar con cadenas y luces bajas. Si tenés info actualizada, comentá para ayudar a otros.",Nevada,-33.282254,-66.365835,9/2/2025
"Altas temperaturas en Resistencia, Chaco: alertan por golpe de calor","Se reportan temperaturas elevadas en un corredor comercial. Recomiendan hidratarse, evitar exposición al sol en horas pico y prestar atención a niños y adultos mayores. Protección Civil recomienda evitar actividad física al aire libre por la tarde.",Ola de calor,-27.454379,-58.959656,7/11/2025
"Calles anegadas en Corrientes, Corrientes tras lluvias intensas",Vecinos informan anegamientos y acumulación de agua en la zona céntrica. Hay demoras en el tránsito y se solicita circular con precaución. Algunos desagües se vieron superados por la intensidad de la lluvia.,Inundación,-27.494515,-58.812107,7/26/2025
"Alerta por robos en Junín, Buenos Aires: piden reforzar cuidados",Se reportan (esta mañana) hechos de inseguridad en un barrio residencial. Vecinos solicitan mayor presencia policial. Evitar exhibir objetos de valor y denunciar al 911.,Robo,-34.578947,-60.931861,12/14/2024
"Atención: aumento de consultas respiratorias en Trelew, Chubut",Vecinos informan (al mediodía) alta demanda en guardias cerca de un parque/plaza. Se recomienda uso de barbijo en centros de salud si hay síntomas y ventilar ambientes.,Salud,-43.223962,-65.330296,7/24/2025
"Corte de luz en Presidencia Roque Sáenz Peña, Chaco: cuadrillas revisan la red",Se registran (esta tarde) interrupciones del servicio eléctrico en inmediaciones de una escuela. La empresa distribuidora indicó tareas de reparación. Se sugiere desconectar artefactos sensibles.,Corte de energía,-26.770078,-60.434257,2/23/2024
"Alerta por robos en Zárate, Buenos Aires: piden reforzar cuidados","Se reportan hechos de inseguridad en un área industrial. Vecinos solicitan mayor presencia policial. Evitar exhibir objetos de valor y denunciar al 911. Si tenés info actualizada, comentá para ayudar a otros.",Robo,-34.112903,-59.03331,11/19/2024
"Atención: aumento de consultas respiratorias en La Rioja, La Rioja",Vecinos informan alta demanda en guardias en un corredor comercial. Se recomienda uso de barbijo en centros de salud si hay síntomas y ventilar ambientes.,Salud,-29.4255,-66.863756,12/30/2024
"Alerta por robos en Concordia, Entre Ríos: piden reforzar cuidados",Se reportan hechos de inseguridad en inmediaciones de una escuela. Vecinos solicitan mayor presencia policial. Evitar exhibir objetos de valor y denunciar al 911.,Robo,-31.40323,-58.043019,8/25/2025
"Choque en Quilmes, Buenos Aires: tránsito reducido",Testigos informan un accidente de tránsito en inmediaciones de una escuela. Se recomienda tomar desvíos y respetar indicaciones del personal en el lugar.,Accidente vial,-34.721841,-58.281029,9/3/2024
"Demoras en transporte en Mar del Plata, Buenos Aires",Usuarios informan demoras y cancelaciones en un corredor comercial. Se recomienda consultar estados oficiales y prever tiempos extra.,Transporte,-38.017278,-57.568609,9/12/2024
"Demoras en transporte en La Plata, Buenos Aires",Usuarios informan demoras y cancelaciones en inmediaciones de una escuela. Se recomienda consultar estados oficiales y prever tiempos extra.,Transporte,-34.905655,-57.935122,6/4/2025
"Calles anegadas en Formosa, Formosa tras lluvias intensas",Vecinos informan anegamientos y acumulación de agua en un barrio residencial. Hay demoras en el tránsito y se solicita circular con precaución. Algunos desagües se vieron superados por la intensidad de la lluvia.,Inundación,-26.179466,-58.169544,5/19/2025
"Calles anegadas en San Isidro, Buenos Aires tras lluvias intensas","Vecinos informan (esta tarde) anegamientos y acumulación de agua en la salida hacia la ruta. Hay demoras en el tránsito y se solicita circular con precaución. Si tenés info actualizada, comentá para ayudar a otros.",Inundación,-34.487521,-58.503684,2/17/2024
"Choque en Jáchal, San Juan: tránsito reducido",Testigos informan (esta noche) un accidente de tránsito en inmediaciones de una escuela. Se recomienda tomar desvíos y respetar indicaciones del personal en el lugar.,Accidente vial,-30.211776,-68.753511,10/7/2025
"Incendio en San Fernando del Valle de Catamarca, Catamarca: bomberos trabajan en el lugar",Se reporta un incendio en un puente/viaducto. Bomberos y Defensa Civil acudieron al lugar. Se recomienda evitar la zona y no inhalar humo.,Incendio,-28.468702,-65.779769,5/19/2025
"Tormenta con granizo en Malargüe, Mendoza: daños en vehículos","Vecinos reportan caída de granizo en inmediaciones de una escuela. Se registran daños menores y demoras. Se recomienda resguardarse y conducir a baja velocidad. Si tenés info actualizada, comentá para ayudar a otros.",Granizo,-35.478035,-69.590816,11/10/2025
"Corte parcial por protesta en San Luis, San Luis",Vecinos informan una manifestación en un corredor comercial. Hay cortes parciales/total de calzada y demoras. Se recomienda usar vías alternativas.,Protesta,-33.328009,-66.313503,12/5/2025
"Incendio en Esquel, Chubut: bomberos trabajan en el lugar",Se reporta (esta tarde) un incendio en la zona céntrica. Bomberos y Defensa Civil acudieron al lugar. Se recomienda evitar la zona y no inhalar humo.,Incendio,-42.918381,-71.331822,8/8/2024
"Choque en Gualeguaychú, Entre Ríos: tránsito reducido","Testigos informan un accidente de tránsito en inmediaciones de una escuela. Se recomienda tomar desvíos y respetar indicaciones del personal en el lugar. Si tenés info actualizada, comentá para ayudar a otros.",Accidente vial,-32.983924,-58.537623,10/6/2025
"Incendio en Esquel, Chubut: bomberos trabajan en el lugar",Se reporta un incendio en un puente/viaducto. Bomberos y Defensa Civil acudieron al lugar. Se recomienda evitar la zona y no inhalar humo.,Incendio,-42.906976,-71.322684,1/5/2025
"Alerta por robos en Campana, Buenos Aires: piden reforzar cuidados","Se reportan hechos de inseguridad en un puente/viaducto. Vecinos solicitan mayor presencia policial. Evitar exhibir objetos de valor y denunciar al 911. Si tenés info actualizada, comentá para ayudar a otros.",Robo,-34.190186,-58.977163,12/14/2024
"Ráfagas fuertes en Necochea, Buenos Aires: caída de ramas y carteles",Se reportan ráfagas intensas cerca de una estación de servicio. Hay ramas caídas y reducción de visibilidad en algunos tramos. Evitar circular bajo árboles y estructuras inestables.,Vientos fuertes,-38.561468,-58.746906,1/8/2024
"Ráfagas fuertes en Bahía Blanca, Buenos Aires: caída de ramas y carteles",Se reportan (esta noche) ráfagas intensas en inmediaciones de una escuela. Hay ramas caídas y reducción de visibilidad en algunos tramos. Evitar circular bajo árboles y estructuras inestables.,Vientos fuertes,-38.740818,-62.244405,10/30/2025
"Incendio en General Roca, Río Negro: bomberos trabajan en el lugar","Se reporta un incendio en un barrio residencial. Bomberos y Defensa Civil acudieron al lugar. Se recomienda evitar la zona y no inhalar humo. Si tenés info actualizada, comentá para ayudar a otros.",Incendio,-39.00446,-67.60461,8/28/2025
"Atención: aumento de consultas respiratorias en General Roca, Río Negro","Vecinos informan (esta mañana) alta demanda en guardias cerca de una estación de servicio. Se recomienda uso de barbijo en centros de salud si hay síntomas y ventilar ambientes. Si tenés info actualizada, comentá para ayudar a otros.",Salud,-39.012343,-67.569864,8/5/2024
"Calles anegadas en San Nicolás, Buenos Aires tras lluvias intensas","Vecinos informan (al mediodía) anegamientos y acumulación de agua en inmediaciones de una escuela. Hay demoras en el tránsito y se solicita circular con precaución. Si tenés info actualizada, comentá para ayudar a otros.",Inundación,-33.359606,-60.203208,11/5/2024
"Tormenta con granizo en Chilecito, La Rioja: daños en vehículos",Vecinos reportan caída de granizo en un puente/viaducto. Se registran daños menores y demoras. Se recomienda resguardarse y conducir a baja velocidad. (en las últimas horas).,Granizo,-29.154107,-67.499579,7/22/2024
"Atención: aumento de consultas respiratorias en Neuquén, Neuquén","Vecinos informan alta demanda en guardias en un barrio residencial. Se recomienda uso de barbijo en centros de salud si hay síntomas y ventilar ambientes. Si tenés info actualizada, comentá para ayudar a otros.",Salud,-38.979275,-68.061112,9/20/2024
"Ráfagas fuertes en Bahía Blanca, Buenos Aires: caída de ramas y carteles","Se reportan ráfagas intensas en inmediaciones de una escuela. Hay ramas caídas y reducción de visibilidad en algunos tramos. Evitar circular bajo árboles y estructuras inestables. Si tenés info actualizada, comentá para ayudar a otros.",Vientos fuertes,-38.707925,-62.301843,8/1/2025
"Corte parcial por protesta en Resistencia, Chaco","Vecinos informan una manifestación en un corredor comercial. Hay cortes parciales/total de calzada y demoras. Se recomienda usar vías alternativas. Si tenés info actualizada, comentá para ayudar a otros.",Protesta,-27.42358,-59.005413,5/23/2025
"Nevada en San Martín de los Andes, Neuquén: rutas con baja adherencia","Se registran (al mediodía) nevadas en la zona céntrica. Puede haber hielo en calzada y reducción de visibilidad. Portar cadenas y consultar el estado de rutas antes de viajar. Se aconseja manejar con cadenas y luces bajas. Si tenés info actualizada, comentá para ayudar a otros.",Nevada,-40.134771,-71.356014,6/10/2025
"Ráfagas fuertes en Esquel, Chubut: caída de ramas y carteles",Se reportan ráfagas intensas en un barrio residencial. Hay ramas caídas y reducción de visibilidad en algunos tramos. Evitar circular bajo árboles y estructuras inestables.,Vientos fuertes,-42.932923,-71.291354,9/15/2025
"Corte de luz en San Martín (Mza), Mendoza: cuadrillas revisan la red",Se registran interrupciones del servicio eléctrico en la zona céntrica. La empresa distribuidora indicó tareas de reparación. Se sugiere desconectar artefactos sensibles.,Corte de energía,-33.057596,-68.460206,7/19/2025
"Corte de luz en Formosa, Formosa: cuadrillas revisan la red",Se registran (esta mañana) interrupciones del servicio eléctrico en un área industrial. La empresa distribuidora indicó tareas de reparación. Se sugiere desconectar artefactos sensibles.,Corte de energía,-26.199279,-58.158754,11/13/2025
"Demoras en transporte en San Clemente del Tuyú, Buenos Aires",Usuarios informan demoras y cancelaciones en inmediaciones de una escuela. Se recomienda consultar estados oficiales y prever tiempos extra.,Transporte,-36.381544,-56.706603,1/14/2024
"Corte de luz en Malargüe, Mendoza: cuadrillas revisan la red","Se registran interrupciones del servicio eléctrico en inmediaciones de una escuela. La empresa distribuidora indicó tareas de reparación. Se sugiere desconectar artefactos sensibles. Si tenés info actualizada, comentá para ayudar a otros.",Corte de energía,-35.453459,-69.609672,6/5/2025
"Nevada en Chilecito, La Rioja: rutas con baja adherencia","Se registran (al mediodía) nevadas en un corredor comercial. Puede haber hielo en calzada y reducción de visibilidad. Portar cadenas y consultar el estado de rutas antes de viajar. Se aconseja manejar con cadenas y luces bajas. Si tenés info actualizada, comentá para ayudar a otros.",Nevada,-29.145101,-67.521429,12/25/2024
"Sismo percibido en La Rioja, La Rioja: sin daños reportados",Usuarios reportan un temblor en la salida hacia la ruta. Por el momento no se informan daños. Mantener la calma y seguir recomendaciones de Defensa Civil. Se recomienda revisar instalaciones de gas y electricidad.,Sismo,-29.438057,-66.882246,4/28/2024
"Altas temperaturas en Corrientes, Corrientes: alertan por golpe de calor","Se reportan temperaturas elevadas en un área industrial. Recomiendan hidratarse, evitar exposición al sol en horas pico y prestar atención a niños y adultos mayores. Protección Civil recomienda evitar actividad física al aire libre por la tarde. Si tenés info actualizada, comentá para ayudar a otros.",Ola de calor,-27.497372,-58.853972,11/23/2025
"Calles anegadas en Tandil, Buenos Aires tras lluvias intensas","Vecinos informan anegamientos y acumulación de agua en un área industrial. Hay demoras en el tránsito y se solicita circular con precaución. Si tenés info actualizada, comentá para ayudar a otros.",Inundación,-37.298827,-59.163825,7/3/2024
"Deslizamiento de ladera en Belén, Catamarca: precaución en accesos",Se reporta (en las últimas horas) un deslizamiento de tierra/rocas en la zona céntrica. Puede haber calzada parcial o totalmente obstruida. Evitar transitar la zona hasta nuevo aviso.,Deslizamiento,-27.655069,-67.002004,9/15/2024
"Altas temperaturas en Gualeguaychú, Entre Ríos: alertan por golpe de calor","Se reportan temperaturas elevadas en la salida hacia la ruta. Recomiendan hidratarse, evitar exposición al sol en horas pico y prestar atención a niños y adultos mayores. Protección Civil recomienda evitar actividad física al aire libre por la tarde. Si tenés info actualizada, comentá para ayudar a otros.",Ola de calor,-33.036054,-58.523566,3/6/2025
"Demoras en transporte en San Francisco, Córdoba",Usuarios informan demoras y cancelaciones en un área industrial. Se recomienda consultar estados oficiales y prever tiempos extra.,Transporte,-31.413715,-62.089825,7/23/2024
"Incendio en General Roca, Río Negro: bomberos trabajan en el lugar","Se reporta (esta tarde) un incendio en un área industrial. Bomberos y Defensa Civil acudieron al lugar. Se recomienda evitar la zona y no inhalar humo. Si tenés info actualizada, comentá para ayudar a otros.",Incendio,-39.007554,-67.606172,4/3/2024
"Atención: aumento de consultas respiratorias en Villa Carlos Paz, Córdoba",Vecinos informan (al mediodía) alta demanda en guardias cerca de un parque/plaza. Se recomienda uso de barbijo en centros de salud si hay síntomas y ventilar ambientes.,Salud,-31.406149,-64.48891,11/23/2024
"Incendio en Rosario, Santa Fe: bomberos trabajan en el lugar","Se reporta un incendio en un corredor comercial. Bomberos y Defensa Civil acudieron al lugar. Se recomienda evitar la zona y no inhalar humo. Si tenés info actualizada, comentá para ayudar a otros.",Incendio,-32.949121,-60.621492,12/23/2024
"Nevada en La Rioja, La Rioja: rutas con baja adherencia",Se registran nevadas cerca de un parque/plaza. Puede haber hielo en calzada y reducción de visibilidad. Portar cadenas y consultar el estado de rutas antes de viajar. Se aconseja manejar con cadenas y luces bajas.,Nevada,-29.405406,-66.871839,8/6/2025
"Corte de luz en Pinamar, Buenos Aires: cuadrillas revisan la red",Se registran interrupciones del servicio eléctrico en un corredor comercial. La empresa distribuidora indicó tareas de reparación. Se sugiere desconectar artefactos sensibles.,Corte de energía,-37.084122,-56.838202,4/4/2025
